job_id,workload_name,profile,submission_time,requested_number_of_resources,requested_time,success,final_state,starting_time,execution_time,finish_time,waiting_time,turnaround_time,stretch,allocated_resources,consumed_energy,metadata
1,w0,P1,8.000000,1,288.000000,1,COMPLETED_SUCCESSFULLY,8.000000,88.000000,96.000000,0.000000,88.000000,1.000000,0,-1.000000,
2,w0,P2,17.000000,2,233.000000,1,COMPLETED_SUCCESSFULLY,17.000000,142.000000,159.000000,0.000000,142.000000,1.000000,1-2,-1.000000,
6,w0,P6,73.000000,2,403.000000,1,COMPLETED_SUCCESSFULLY,73.000000,117.000000,190.000000,0.000000,117.000000,1.000000,22-23,-1.000000,
13,w0,P13,136.000000,1,218.000000,1,COMPLETED_SUCCESSFULLY,136.000000,70.000000,206.000000,0.000000,70.000000,1.000000,31,-1.000000,
11,w0,P11,112.000000,1,437.000000,1,COMPLETED_SUCCESSFULLY,112.000000,118.000000,230.000000,0.000000,118.000000,1.000000,0,-1.000000,
14,w0,P14,159.000000,1,174.000000,1,COMPLETED_SUCCESSFULLY,159.000000,73.000000,232.000000,0.000000,73.000000,1.000000,1,-1.000000,
4,w0,P4,54.000000,8,514.000000,1,COMPLETED_SUCCESSFULLY,54.000000,183.000000,237.000000,0.000000,183.000000,1.000000,11-18,-1.000000,
20,w0,P20,262.000000,1,216.000000,1,COMPLETED_SUCCESSFULLY,262.000000,58.000000,320.000000,0.000000,58.000000,1.000000,15,-1.000000,
18,w0,P18,237.000000,2,337.000000,1,COMPLETED_SUCCESSFULLY,237.000000,89.000000,326.000000,0.000000,89.000000,1.000000,0-1,-1.000000,
22,w0,P22,309.000000,3,119.000000,1,COMPLETED_SUCCESSFULLY,309.000000,51.000000,360.000000,0.000000,51.000000,1.000000,16-18,-1.000000,
9,w0,P9,90.000000,1,954.000000,1,COMPLETED_SUCCESSFULLY,90.000000,311.000000,401.000000,0.000000,311.000000,1.000000,28,-1.000000,
19,w0,P19,252.000000,4,576.000000,1,COMPLETED_SUCCESSFULLY,252.000000,160.000000,412.000000,0.000000,160.000000,1.000000,11-14,-1.000000,
17,w0,P17,229.000000,1,740.000000,1,COMPLETED_SUCCESSFULLY,229.000000,186.000000,415.000000,0.000000,186.000000,1.000000,32,-1.000000,
24,w0,P24,310.000000,3,344.000000,1,COMPLETED_SUCCESSFULLY,310.000000,136.000000,446.000000,0.000000,136.000000,1.000000,35-37,-1.000000,
27,w0,P27,344.000000,3,291.000000,1,COMPLETED_SUCCESSFULLY,360.000000,86.000000,446.000000,16.000000,102.000000,1.186047,1 16-17,-1.000000,
32,w0,P32,390.000000,2,190.000000,1,COMPLETED_SUCCESSFULLY,412.000000,56.000000,468.000000,22.000000,78.000000,1.392857,12-13,-1.000000,
34,w0,P34,406.000000,1,214.000000,1,COMPLETED_SUCCESSFULLY,412.000000,70.000000,482.000000,6.000000,76.000000,1.085714,11,-1.000000,
8,w0,P8,79.000000,1,1569.000000,1,COMPLETED_SUCCESSFULLY,79.000000,407.000000,486.000000,0.000000,407.000000,1.000000,27,-1.000000,
23,w0,P23,310.000000,2,333.000000,1,COMPLETED_SUCCESSFULLY,310.000000,196.000000,506.000000,0.000000,196.000000,1.000000,33-34,-1.000000,
16,w0,P16,217.000000,3,669.000000,1,COMPLETED_SUCCESSFULLY,217.000000,296.000000,513.000000,0.000000,296.000000,1.000000,22-23 31,-1.000000,
25,w0,P25,321.000000,3,607.000000,1,COMPLETED_SUCCESSFULLY,321.000000,237.000000,558.000000,0.000000,237.000000,1.000000,15 38-39,-1.000000,
5,w0,P5,58.000000,3,1453.000000,1,COMPLETED_SUCCESSFULLY,58.000000,509.000000,567.000000,0.000000,509.000000,1.000000,19-21,-1.000000,
35,w0,P35,413.000000,1,388.000000,1,COMPLETED_SUCCESSFULLY,413.000000,178.000000,591.000000,0.000000,178.000000,1.000000,14,-1.000000,
28,w0,P28,351.000000,4,249.000000,1,COMPLETED_SUCCESSFULLY,506.000000,97.000000,603.000000,155.000000,252.000000,2.597938,11 27 33-34,-1.000000,
31,w0,P31,377.000000,1,863.000000,1,COMPLETED_SUCCESSFULLY,377.000000,247.000000,624.000000,0.000000,247.000000,1.000000,18,-1.000000,
36,w0,P36,420.000000,3,425.000000,1,COMPLETED_SUCCESSFULLY,468.000000,178.000000,646.000000,48.000000,226.000000,1.269663,12-13 37,-1.000000,
29,w0,P29,353.000000,1,392.000000,1,COMPLETED_SUCCESSFULLY,353.000000,297.000000,650.000000,0.000000,297.000000,1.000000,0,-1.000000,
33,w0,P33,396.000000,1,838.000000,1,COMPLETED_SUCCESSFULLY,401.000000,254.000000,655.000000,5.000000,259.000000,1.019685,28,-1.000000,
37,w0,P37,441.000000,2,565.000000,1,COMPLETED_SUCCESSFULLY,446.000000,241.000000,687.000000,5.000000,246.000000,1.020747,1 16,-1.000000,
44,w0,P44,543.000000,2,284.000000,1,COMPLETED_SUCCESSFULLY,567.000000,124.000000,691.000000,24.000000,148.000000,1.193548,19-20,-1.000000,
43,w0,P43,537.000000,2,461.000000,1,COMPLETED_SUCCESSFULLY,558.000000,170.000000,728.000000,21.000000,191.000000,1.123529,38-39,-1.000000,
15,w0,P15,162.000000,1,1334.000000,1,COMPLETED_SUCCESSFULLY,162.000000,602.000000,764.000000,0.000000,602.000000,1.000000,2,-1.000000,
53,w0,P53,744.000000,2,271.000000,1,COMPLETED_SUCCESSFULLY,744.000000,87.000000,831.000000,0.000000,87.000000,1.000000,16 19,-1.000000,
50,w0,P50,695.000000,1,213.000000,1,COMPLETED_SUCCESSFULLY,695.000000,146.000000,841.000000,0.000000,146.000000,1.000000,1,-1.000000,
42,w0,P42,536.000000,2,886.000000,1,COMPLETED_SUCCESSFULLY,558.000000,299.000000,857.000000,22.000000,321.000000,1.073579,15 31,-1.000000,
60,w0,P60,798.000000,1,74.000000,1,COMPLETED_SUCCESSFULLY,831.000000,38.000000,869.000000,33.000000,71.000000,1.868421,19,-1.000000,
38,w0,P38,445.000000,1,1249.000000,1,COMPLETED_SUCCESSFULLY,445.000000,438.000000,883.000000,0.000000,438.000000,1.000000,32,-1.000000,
62,w0,P62,841.000000,1,252.000000,1,COMPLETED_SUCCESSFULLY,841.000000,64.000000,905.000000,0.000000,64.000000,1.000000,1,-1.000000,
40,w0,P40,524.000000,2,1379.000000,1,COMPLETED_SUCCESSFULLY,524.000000,410.000000,934.000000,0.000000,410.000000,1.000000,22-23,-1.000000,
68,w0,P68,894.000000,1,78.000000,1,COMPLETED_SUCCESSFULLY,894.000000,45.000000,939.000000,0.000000,45.000000,1.000000,32,-1.000000,
30,w0,P30,359.000000,3,685.000000,1,COMPLETED_SUCCESSFULLY,446.000000,515.000000,961.000000,87.000000,602.000000,1.168932,17 35-36,-1.000000,
69,w0,P69,927.000000,1,235.000000,1,COMPLETED_SUCCESSFULLY,927.000000,63.000000,990.000000,0.000000,63.000000,1.000000,1,-1.000000,
54,w0,P54,751.000000,2,588.000000,1,COMPLETED_SUCCESSFULLY,751.000000,254.000000,1005.000000,0.000000,254.000000,1.000000,20 38,-1.000000,
71,w0,P71,944.000000,2,196.000000,1,COMPLETED_SUCCESSFULLY,961.000000,73.000000,1034.000000,17.000000,90.000000,1.232877,17 32,-1.000000,
59,w0,P59,784.000000,1,474.000000,1,COMPLETED_SUCCESSFULLY,831.000000,233.000000,1064.000000,47.000000,280.000000,1.201717,16,-1.000000,
65,w0,P65,876.000000,1,400.000000,1,COMPLETED_SUCCESSFULLY,876.000000,219.000000,1095.000000,0.000000,219.000000,1.000000,19,-1.000000,
73,w0,P73,980.000000,2,221.000000,1,COMPLETED_SUCCESSFULLY,980.000000,117.000000,1097.000000,0.000000,117.000000,1.000000,35-36,-1.000000,
67,w0,P67,889.000000,2,370.000000,1,COMPLETED_SUCCESSFULLY,934.000000,164.000000,1098.000000,45.000000,209.000000,1.274390,22-23,-1.000000,
10,w0,P10,94.000000,2,3470.000000,1,COMPLETED_SUCCESSFULLY,94.000000,1005.000000,1099.000000,0.000000,1005.000000,1.000000,29-30,-1.000000,
46,w0,P46,575.000000,5,704.000000,1,COMPLETED_SUCCESSFULLY,646.000000,472.000000,1118.000000,71.000000,543.000000,1.150424,12-13 18 33-34,-1.000000,
49,w0,P49,684.000000,2,1266.000000,1,COMPLETED_SUCCESSFULLY,684.000000,434.000000,1118.000000,0.000000,434.000000,1.000000,28 37,-1.000000,
55,w0,P55,760.000000,3,376.000000,1,COMPLETED_SUCCESSFULLY,1005.000000,124.000000,1129.000000,245.000000,369.000000,2.975806,1 20 38,-1.000000,
85,w0,P85,1123.000000,2,183.000000,1,COMPLETED_SUCCESSFULLY,1123.000000,65.000000,1188.000000,0.000000,65.000000,1.000000,33-34,-1.000000,
81,w0,P81,1093.000000,1,364.000000,1,COMPLETED_SUCCESSFULLY,1095.000000,112.000000,1207.000000,2.000000,114.000000,1.017857,19,-1.000000,
88,w0,P88,1175.000000,1,33.000000,1,COMPLETED_SUCCESSFULLY,1188.000000,21.000000,1209.000000,13.000000,34.000000,1.619048,34,-1.000000,
80,w0,P80,1074.000000,1,312.000000,1,COMPLETED_SUCCESSFULLY,1074.000000,138.000000,1212.000000,0.000000,138.000000,1.000000,16,-1.000000,
87,w0,P87,1165.000000,1,157.000000,1,COMPLETED_SUCCESSFULLY,1188.000000,55.000000,1243.000000,23.000000,78.000000,1.418182,33,-1.000000,
96,w0,P96,1227.000000,1,37.000000,1,COMPLETED_SUCCESSFULLY,1227.000000,22.000000,1249.000000,0.000000,22.000000,1.000000,16,-1.000000,
92,w0,P92,1200.000000,1,237.000000,1,COMPLETED_SUCCESSFULLY,1209.000000,95.000000,1304.000000,9.000000,104.000000,1.094737,34,-1.000000,
70,w0,P70,939.000000,4,595.000000,1,COMPLETED_SUCCESSFULLY,1118.000000,255.000000,1373.000000,179.000000,434.000000,1.701961,12-13 18 28,-1.000000,
98,w0,P98,1294.000000,1,342.000000,1,COMPLETED_SUCCESSFULLY,1304.000000,110.000000,1414.000000,10.000000,120.000000,1.090909,34,-1.000000,
93,w0,P93,1214.000000,2,119.000000,1,COMPLETED_SUCCESSFULLY,1373.000000,46.000000,1419.000000,159.000000,205.000000,4.456522,18 28,-1.000000,
48,w0,P48,679.000000,1,2920.000000,1,COMPLETED_SUCCESSFULLY,679.000000,749.000000,1428.000000,0.000000,749.000000,1.000000,0,-1.000000,
104,w0,P104,1350.000000,1,238.000000,1,COMPLETED_SUCCESSFULLY,1373.000000,100.000000,1473.000000,23.000000,123.000000,1.230000,13,-1.000000,
78,w0,P78,1064.000000,2,1333.000000,1,COMPLETED_SUCCESSFULLY,1098.000000,424.000000,1522.000000,34.000000,458.000000,1.080189,22-23,-1.000000,
90,w0,P90,1192.000000,1,952.000000,1,COMPLETED_SUCCESSFULLY,1207.000000,326.000000,1533.000000,15.000000,341.000000,1.046012,19,-1.000000,
79,w0,P79,1064.000000,4,825.000000,1,COMPLETED_SUCCESSFULLY,1129.000000,433.000000,1562.000000,65.000000,498.000000,1.150115,1 20 37-38,-1.000000,
3,w0,P3,41.000000,8,2402.000000,1,COMPLETED_SUCCESSFULLY,41.000000,1550.000000,1591.000000,0.000000,1550.000000,1.000000,3-10,-1.000000,
91,w0,P91,1194.000000,2,694.000000,1,COMPLETED_SUCCESSFULLY,1249.000000,343.000000,1592.000000,55.000000,398.000000,1.160350,16 33,-1.000000,
108,w0,P108,1406.000000,1,247.000000,1,COMPLETED_SUCCESSFULLY,1414.000000,188.000000,1602.000000,8.000000,196.000000,1.042553,34,-1.000000,
75,w0,P75,1016.000000,2,1320.000000,1,COMPLETED_SUCCESSFULLY,1034.000000,603.000000,1637.000000,18.000000,621.000000,1.029851,17 32,-1.000000,
106,w0,P106,1381.000000,2,191.000000,1,COMPLETED_SUCCESSFULLY,1562.000000,75.000000,1637.000000,181.000000,256.000000,3.413333,37-38,-1.000000,
118,w0,P118,1512.000000,1,439.000000,1,COMPLETED_SUCCESSFULLY,1522.000000,119.000000,1641.000000,10.000000,129.000000,1.084034,23,-1.000000,
77,w0,P77,1062.000000,2,2151.000000,1,COMPLETED_SUCCESSFULLY,1097.000000,546.000000,1643.000000,35.000000,581.000000,1.064103,35-36,-1.000000,
56,w0,P56,769.000000,2,2645.000000,1,COMPLETED_SUCCESSFULLY,769.000000,939.000000,1708.000000,0.000000,939.000000,1.000000,2 39,-1.000000,
111,w0,P111,1442.000000,1,364.000000,1,COMPLETED_SUCCESSFULLY,1473.000000,279.000000,1752.000000,31.000000,310.000000,1.111111,13,-1.000000,
116,w0,P116,1486.000000,1,1025.000000,1,COMPLETED_SUCCESSFULLY,1522.000000,258.000000,1780.000000,36.000000,294.000000,1.139535,22,-1.000000,
107,w0,P107,1385.000000,3,275.000000,1,COMPLETED_SUCCESSFULLY,1641.000000,141.000000,1782.000000,256.000000,397.000000,2.815603,23 37-38,-1.000000,
45,w0,P45,571.000000,4,3826.000000,1,COMPLETED_SUCCESSFULLY,603.000000,1183.000000,1786.000000,32.000000,1215.000000,1.027050,11 14 21 27,-1.000000,
132,w0,P132,1722.000000,1,97.000000,1,COMPLETED_SUCCESSFULLY,1752.000000,47.000000,1799.000000,30.000000,77.000000,1.638298,13,-1.000000,
95,w0,P95,1224.000000,3,386.000000,1,COMPLETED_SUCCESSFULLY,1591.000000,226.000000,1817.000000,367.000000,593.000000,2.623894,7-9,-1.000000,
101,w0,P101,1323.000000,1,765.000000,1,COMPLETED_SUCCESSFULLY,1373.000000,449.000000,1822.000000,50.000000,499.000000,1.111359,12,-1.000000,
109,w0,P109,1433.000000,1,641.000000,1,COMPLETED_SUCCESSFULLY,1433.000000,412.000000,1845.000000,0.000000,412.000000,1.000000,0,-1.000000,
115,w0,P115,1455.000000,2,835.000000,1,COMPLETED_SUCCESSFULLY,1591.000000,259.000000,1850.000000,136.000000,395.000000,1.525097,5-6,-1.000000,
131,w0,P131,1721.000000,1,196.000000,1,COMPLETED_SUCCESSFULLY,1721.000000,131.000000,1852.000000,0.000000,131.000000,1.000000,39,-1.000000,
133,w0,P133,1725.000000,1,212.000000,1,COMPLETED_SUCCESSFULLY,1780.000000,93.000000,1873.000000,55.000000,148.000000,1.591398,22,-1.000000,
114,w0,P114,1450.000000,2,752.000000,1,COMPLETED_SUCCESSFULLY,1591.000000,314.000000,1905.000000,141.000000,455.000000,1.449045,3-4,-1.000000,
94,w0,P94,1223.000000,2,1764.000000,1,COMPLETED_SUCCESSFULLY,1419.000000,505.000000,1924.000000,196.000000,701.000000,1.388119,18 28,-1.000000,
119,w0,P119,1543.000000,1,516.000000,1,COMPLETED_SUCCESSFULLY,1543.000000,394.000000,1937.000000,0.000000,394.000000,1.000000,19,-1.000000,
122,w0,P122,1596.000000,2,713.000000,1,COMPLETED_SUCCESSFULLY,1637.000000,319.000000,1956.000000,41.000000,360.000000,1.128527,17 32,-1.000000,
140,w0,P140,1856.000000,1,400.000000,1,COMPLETED_SUCCESSFULLY,1856.000000,111.000000,1967.000000,0.000000,111.000000,1.000000,38,-1.000000,
145,w0,P145,1914.000000,1,133.000000,1,COMPLETED_SUCCESSFULLY,1924.000000,43.000000,1967.000000,10.000000,53.000000,1.232558,18,-1.000000,
89,w0,P89,1182.000000,4,617.000000,1,COMPLETED_SUCCESSFULLY,1817.000000,200.000000,2017.000000,635.000000,835.000000,4.175000,7-9 13,-1.000000,
143,w0,P143,1888.000000,1,315.000000,1,COMPLETED_SUCCESSFULLY,1888.000000,146.000000,2034.000000,0.000000,146.000000,1.000000,22,-1.000000,
150,w0,P150,1965.000000,2,262.000000,1,COMPLETED_SUCCESSFULLY,1967.000000,67.000000,2034.000000,2.000000,69.000000,1.029851,18 38,-1.000000,
139,w0,P139,1841.000000,1,572.000000,1,COMPLETED_SUCCESSFULLY,1841.000000,206.000000,2047.000000,0.000000,206.000000,1.000000,12,-1.000000,
123,w0,P123,1606.000000,1,1360.000000,1,COMPLETED_SUCCESSFULLY,1606.000000,447.000000,2053.000000,0.000000,447.000000,1.000000,34,-1.000000,
151,w0,P151,2001.000000,1,228.000000,1,COMPLETED_SUCCESSFULLY,2017.000000,98.000000,2115.000000,16.000000,114.000000,1.163265,7,-1.000000,
152,w0,P152,2023.000000,1,409.000000,1,COMPLETED_SUCCESSFULLY,2023.000000,107.000000,2130.000000,0.000000,107.000000,1.000000,8,-1.000000,
105,w0,P105,1379.000000,4,678.000000,1,COMPLETED_SUCCESSFULLY,1956.000000,189.000000,2145.000000,577.000000,766.000000,4.052910,17 19 28 32,-1.000000,
7,w0,P7,74.000000,3,6032.000000,1,COMPLETED_SUCCESSFULLY,74.000000,2093.000000,2167.000000,0.000000,2093.000000,1.000000,24-26,-1.000000,
156,w0,P156,2122.000000,1,228.000000,1,COMPLETED_SUCCESSFULLY,2130.000000,80.000000,2210.000000,8.000000,88.000000,1.100000,8,-1.000000,
100,w0,P100,1310.000000,2,2058.000000,1,COMPLETED_SUCCESSFULLY,1562.000000,688.000000,2250.000000,252.000000,940.000000,1.366279,1 20,-1.000000,
159,w0,P159,2177.000000,1,388.000000,1,COMPLETED_SUCCESSFULLY,2177.000000,136.000000,2313.000000,0.000000,136.000000,1.000000,24,-1.000000,
144,w0,P144,1905.000000,3,1466.000000,1,COMPLETED_SUCCESSFULLY,1905.000000,428.000000,2333.000000,0.000000,428.000000,1.000000,3-4 39,-1.000000,
129,w0,P129,1718.000000,2,1794.000000,1,COMPLETED_SUCCESSFULLY,1782.000000,568.000000,2350.000000,64.000000,632.000000,1.112676,23 37,-1.000000,
163,w0,P163,2274.000000,1,180.000000,1,COMPLETED_SUCCESSFULLY,2313.000000,81.000000,2394.000000,39.000000,120.000000,1.481481,24,-1.000000,
110,w0,P110,1433.000000,4,966.000000,1,COMPLETED_SUCCESSFULLY,2034.000000,367.000000,2401.000000,601.000000,968.000000,2.637602,9 13 18 22,-1.000000,
165,w0,P165,2292.000000,1,288.000000,1,COMPLETED_SUCCESSFULLY,2333.000000,127.000000,2460.000000,41.000000,168.000000,1.322835,3,-1.000000,
169,w0,P169,2402.000000,3,195.000000,1,COMPLETED_SUCCESSFULLY,2402.000000,69.000000,2471.000000,0.000000,69.000000,1.000000,18 22 24,-1.000000,
171,w0,P171,2404.000000,2,140.000000,1,COMPLETED_SUCCESSFULLY,2471.000000,40.000000,2511.000000,67.000000,107.000000,2.675000,22 24,-1.000000,
128,w0,P128,1715.000000,2,1567.000000,1,COMPLETED_SUCCESSFULLY,1715.000000,799.000000,2514.000000,0.000000,799.000000,1.000000,2 36,-1.000000,
154,w0,P154,2082.000000,3,1507.000000,1,COMPLETED_SUCCESSFULLY,2082.000000,533.000000,2615.000000,0.000000,533.000000,1.000000,12 34 38,-1.000000,
170,w0,P170,2403.000000,2,593.000000,1,COMPLETED_SUCCESSFULLY,2471.000000,192.000000,2663.000000,68.000000,260.000000,1.354167,3 18,-1.000000,
84,w0,P84,1107.000000,2,6356.000000,1,COMPLETED_SUCCESSFULLY,1107.000000,1640.000000,2747.000000,0.000000,1640.000000,1.000000,29-30,-1.000000,
135,w0,P135,1759.000000,4,1482.000000,1,COMPLETED_SUCCESSFULLY,2350.000000,503.000000,2853.000000,591.000000,1094.000000,2.174950,4 23 37 39,-1.000000,
181,w0,P181,2513.000000,1,1357.000000,1,COMPLETED_SUCCESSFULLY,2514.000000,353.000000,2867.000000,1.000000,354.000000,1.002833,2,-1.000000,
191,w0,P191,2666.000000,1,663.000000,1,COMPLETED_SUCCESSFULLY,2666.000000,232.000000,2898.000000,0.000000,232.000000,1.000000,38,-1.000000,
202,w0,P202,2812.000000,1,74.000000,1,COMPLETED_SUCCESSFULLY,2853.000000,45.000000,2898.000000,41.000000,86.000000,1.911111,39,-1.000000,
168,w0,P168,2398.000000,2,1638.000000,1,COMPLETED_SUCCESSFULLY,2401.000000,514.000000,2915.000000,3.000000,517.000000,1.005837,9 13,-1.000000,
205,w0,P205,2842.000000,1,140.000000,1,COMPLETED_SUCCESSFULLY,2867.000000,82.000000,2949.000000,25.000000,107.000000,1.304878,2,-1.000000,
201,w0,P201,2799.000000,1,450.000000,1,COMPLETED_SUCCESSFULLY,2853.000000,142.000000,2995.000000,54.000000,196.000000,1.380282,37,-1.000000,
196,w0,P196,2749.000000,1,973.000000,1,COMPLETED_SUCCESSFULLY,2749.000000,252.000000,3001.000000,0.000000,252.000000,1.000000,30,-1.000000,
160,w0,P160,2200.000000,1,1305.000000,1,COMPLETED_SUCCESSFULLY,2200.000000,802.000000,3002.000000,0.000000,802.000000,1.000000,25,-1.000000,
134,w0,P134,1729.000000,4,948.000000,1,COMPLETED_SUCCESSFULLY,2250.000000,776.000000,3026.000000,521.000000,1297.000000,1.671392,1 8 20 26,-1.000000,
188,w0,P188,2594.000000,2,1131.000000,1,COMPLETED_SUCCESSFULLY,2615.000000,423.000000,3038.000000,21.000000,444.000000,1.049645,12 34,-1.000000,
102,w0,P102,1324.000000,3,5308.000000,1,COMPLETED_SUCCESSFULLY,1592.000000,1497.000000,3089.000000,268.000000,1765.000000,1.179025,10 16 33,-1.000000,
197,w0,P197,2756.000000,1,876.000000,1,COMPLETED_SUCCESSFULLY,2853.000000,263.000000,3116.000000,97.000000,360.000000,1.368821,4,-1.000000,
206,w0,P206,2890.000000,2,211.000000,1,COMPLETED_SUCCESSFULLY,3001.000000,120.000000,3121.000000,111.000000,231.000000,1.925000,30 37,-1.000000,
212,w0,P212,3073.000000,1,261.000000,1,COMPLETED_SUCCESSFULLY,3073.000000,67.000000,3140.000000,0.000000,67.000000,1.000000,12,-1.000000,
218,w0,P218,3128.000000,1,75.000000,1,COMPLETED_SUCCESSFULLY,3128.000000,19.000000,3147.000000,0.000000,19.000000,1.000000,37,-1.000000,
203,w0,P203,2822.000000,2,609.000000,1,COMPLETED_SUCCESSFULLY,2949.000000,208.000000,3157.000000,127.000000,335.000000,1.610577,2 13,-1.000000,
214,w0,P214,3092.000000,1,403.000000,1,COMPLETED_SUCCESSFULLY,3092.000000,124.000000,3216.000000,0.000000,124.000000,1.000000,34,-1.000000,
183,w0,P183,2528.000000,3,228.000000,1,COMPLETED_SUCCESSFULLY,3089.000000,128.000000,3217.000000,561.000000,689.000000,5.382813,10 16 33,-1.000000,
207,w0,P207,2910.000000,1,704.000000,1,COMPLETED_SUCCESSFULLY,2915.000000,314.000000,3229.000000,5.000000,319.000000,1.015924,9,-1.000000,
226,w0,P226,3213.000000,1,31.000000,1,COMPLETED_SUCCESSFULLY,3217.000000,25.000000,3242.000000,4.000000,29.000000,1.160000,16,-1.000000,
219,w0,P219,3129.000000,1,584.000000,1,COMPLETED_SUCCESSFULLY,3140.000000,168.000000,3308.000000,11.000000,179.000000,1.065476,12,-1.000000,
57,w0,P57,779.000000,2,6327.000000,1,COMPLETED_SUCCESSFULLY,857.000000,2454.000000,3311.000000,78.000000,2532.000000,1.031785,15 31,-1.000000,
225,w0,P225,3204.000000,1,288.000000,1,COMPLETED_SUCCESSFULLY,3217.000000,113.000000,3330.000000,13.000000,126.000000,1.115044,10,-1.000000,
194,w0,P194,2724.000000,1,1359.000000,1,COMPLETED_SUCCESSFULLY,2747.000000,601.000000,3348.000000,23.000000,624.000000,1.038270,29,-1.000000,
217,w0,P217,3114.000000,2,378.000000,1,COMPLETED_SUCCESSFULLY,3157.000000,250.000000,3407.000000,43.000000,293.000000,1.172000,2 13,-1.000000,
199,w0,P199,2789.000000,2,1079.000000,1,COMPLETED_SUCCESSFULLY,2898.000000,551.000000,3449.000000,109.000000,660.000000,1.197822,38-39,-1.000000,
210,w0,P210,2998.000000,2,657.000000,1,COMPLETED_SUCCESSFULLY,3026.000000,439.000000,3465.000000,28.000000,467.000000,1.063781,1 8,-1.000000,
230,w0,P230,3276.000000,2,234.000000,1,COMPLETED_SUCCESSFULLY,3330.000000,158.000000,3488.000000,54.000000,212.000000,1.341772,10 31,-1.000000,
198,w0,P198,2756.000000,1,2545.000000,1,COMPLETED_SUCCESSFULLY,2853.000000,670.000000,3523.000000,97.000000,767.000000,1.144776,23,-1.000000,
222,w0,P222,3183.000000,2,733.000000,1,COMPLETED_SUCCESSFULLY,3229.000000,308.000000,3537.000000,46.000000,354.000000,1.149351,9 33,-1.000000,
224,w0,P224,3203.000000,1,1138.000000,1,COMPLETED_SUCCESSFULLY,3216.000000,342.000000,3558.000000,13.000000,355.000000,1.038012,34,-1.000000,
220,w0,P220,3156.000000,1,895.000000,1,COMPLETED_SUCCESSFULLY,3156.000000,412.000000,3568.000000,0.000000,412.000000,1.000000,37,-1.000000,
172,w0,P172,2412.000000,3,2016.000000,1,COMPLETED_SUCCESSFULLY,2663.000000,921.000000,3584.000000,251.000000,1172.000000,1.272530,3 18 36,-1.000000,
192,w0,P192,2696.000000,3,516.000000,1,COMPLETED_SUCCESSFULLY,3449.000000,178.000000,3627.000000,753.000000,931.000000,5.230337,29 38-39,-1.000000,
231,w0,P231,3294.000000,1,1171.000000,1,COMPLETED_SUCCESSFULLY,3294.000000,348.000000,3642.000000,0.000000,348.000000,1.000000,16,-1.000000,
112,w0,P112,1444.000000,4,4916.000000,1,COMPLETED_SUCCESSFULLY,2145.000000,1502.000000,3647.000000,701.000000,2203.000000,1.466711,17 19 28 32,-1.000000,
138,w0,P138,1838.000000,3,3981.000000,1,COMPLETED_SUCCESSFULLY,1850.000000,1806.000000,3656.000000,12.000000,1818.000000,1.006645,0 5-6,-1.000000,
215,w0,P215,3092.000000,2,936.000000,1,COMPLETED_SUCCESSFULLY,3121.000000,535.000000,3656.000000,29.000000,564.000000,1.054206,4 30,-1.000000,
176,w0,P176,2449.000000,2,1850.000000,1,COMPLETED_SUCCESSFULLY,2511.000000,1173.000000,3684.000000,62.000000,1235.000000,1.052856,22 24,-1.000000,
234,w0,P234,3315.000000,2,699.000000,1,COMPLETED_SUCCESSFULLY,3407.000000,277.000000,3684.000000,92.000000,369.000000,1.332130,2 13,-1.000000,
213,w0,P213,3080.000000,3,155.000000,1,COMPLETED_SUCCESSFULLY,3647.000000,69.000000,3716.000000,567.000000,636.000000,9.217391,17 19 28,-1.000000,
246,w0,P246,3581.000000,1,242.000000,1,COMPLETED_SUCCESSFULLY,3584.000000,148.000000,3732.000000,3.000000,151.000000,1.020270,3,-1.000000,
249,w0,P249,3607.000000,1,384.000000,1,COMPLETED_SUCCESSFULLY,3607.000000,125.000000,3732.000000,0.000000,125.000000,1.000000,36,-1.000000,
239,w0,P239,3459.000000,1,891.000000,1,COMPLETED_SUCCESSFULLY,3465.000000,279.000000,3744.000000,6.000000,285.000000,1.021505,1,-1.000000,
126,w0,P126,1694.000000,1,4713.000000,1,COMPLETED_SUCCESSFULLY,1694.000000,2059.000000,3753.000000,0.000000,2059.000000,1.000000,35,-1.000000,
248,w0,P248,3594.000000,1,223.000000,1,COMPLETED_SUCCESSFULLY,3594.000000,160.000000,3754.000000,0.000000,160.000000,1.000000,18,-1.000000,
177,w0,P177,2457.000000,3,1086.000000,1,COMPLETED_SUCCESSFULLY,3026.000000,751.000000,3777.000000,569.000000,1320.000000,1.757656,20 25-26,-1.000000,
233,w0,P233,3301.000000,3,216.000000,1,COMPLETED_SUCCESSFULLY,3656.000000,122.000000,3778.000000,355.000000,477.000000,3.909836,6 30 32,-1.000000,
255,w0,P255,3665.000000,2,149.000000,1,COMPLETED_SUCCESSFULLY,3684.000000,106.000000,3790.000000,19.000000,125.000000,1.179245,22 24,-1.000000,
245,w0,P245,3579.000000,3,349.000000,1,COMPLETED_SUCCESSFULLY,3732.000000,88.000000,3820.000000,153.000000,241.000000,2.738636,3 28 36,-1.000000,
247,w0,P247,3591.000000,3,108.000000,1,COMPLETED_SUCCESSFULLY,3754.000000,66.000000,3820.000000,163.000000,229.000000,3.469697,1 18 35,-1.000000,
254,w0,P254,3662.000000,2,516.000000,1,COMPLETED_SUCCESSFULLY,3684.000000,150.000000,3834.000000,22.000000,172.000000,1.146667,2 13,-1.000000,
241,w0,P241,3468.000000,3,58.000000,1,COMPLETED_SUCCESSFULLY,3820.000000,41.000000,3861.000000,352.000000,393.000000,9.585366,1 3 18,-1.000000,
268,w0,P268,3776.000000,2,114.000000,1,COMPLETED_SUCCESSFULLY,3777.000000,87.000000,3864.000000,1.000000,88.000000,1.011494,20 25,-1.000000,
258,w0,P258,3677.000000,2,670.000000,1,COMPLETED_SUCCESSFULLY,3716.000000,174.000000,3890.000000,39.000000,213.000000,1.224138,17 19,-1.000000,
265,w0,P265,3739.000000,3,287.000000,1,COMPLETED_SUCCESSFULLY,3778.000000,113.000000,3891.000000,39.000000,152.000000,1.345133,6 26 30,-1.000000,
257,w0,P257,3675.000000,6,27.000000,1,COMPLETED_SUCCESSFULLY,3891.000000,20.000000,3911.000000,216.000000,236.000000,11.800000,6 17-20 25,-1.000000,
221,w0,P221,3171.000000,3,431.000000,1,COMPLETED_SUCCESSFULLY,3656.000000,279.000000,3935.000000,485.000000,764.000000,2.738351,0 4-5,-1.000000,
204,w0,P204,2828.000000,3,966.000000,1,COMPLETED_SUCCESSFULLY,3568.000000,375.000000,3943.000000,740.000000,1115.000000,2.973333,33-34 37,-1.000000,
187,w0,P187,2589.000000,4,210.000000,1,COMPLETED_SUCCESSFULLY,3820.000000,147.000000,3967.000000,1231.000000,1378.000000,9.374150,24 28 35-36,-1.000000,
252,w0,P252,3641.000000,2,438.000000,1,COMPLETED_SUCCESSFULLY,3642.000000,331.000000,3973.000000,1.000000,332.000000,1.003021,16 39,-1.000000,
270,w0,P270,3809.000000,1,464.000000,1,COMPLETED_SUCCESSFULLY,3809.000000,175.000000,3984.000000,0.000000,175.000000,1.000000,22,-1.000000,
278,w0,P278,4016.000000,1,58.000000,1,COMPLETED_SUCCESSFULLY,4016.000000,35.000000,4051.000000,0.000000,35.000000,1.000000,16,-1.000000,
142,w0,P142,1884.000000,7,170.000000,1,COMPLETED_SUCCESSFULLY,3967.000000,89.000000,4056.000000,2083.000000,2172.000000,24.404494,24 28 33-37,-1.000000,
180,w0,P180,2495.000000,4,322.000000,1,COMPLETED_SUCCESSFULLY,3861.000000,200.000000,4061.000000,1366.000000,1566.000000,7.830000,1-3 13,-1.000000,
269,w0,P269,3785.000000,1,442.000000,1,COMPLETED_SUCCESSFULLY,3785.000000,279.000000,4064.000000,0.000000,279.000000,1.000000,32,-1.000000,
21,w0,P21,275.000000,11,348.000000,1,COMPLETED_SUCCESSFULLY,3935.000000,135.000000,4070.000000,3660.000000,3795.000000,28.111111,0 4-6 17-20 25-26 30,-1.000000,
279,w0,P279,4024.000000,1,73.000000,1,COMPLETED_SUCCESSFULLY,4024.000000,47.000000,4071.000000,0.000000,47.000000,1.000000,22,-1.000000,
243,w0,P243,3533.000000,2,2066.000000,1,COMPLETED_SUCCESSFULLY,3537.000000,676.000000,4213.000000,4.000000,680.000000,1.005917,9 23,-1.000000,
26,w0,P26,330.000000,13,342.000000,1,COMPLETED_SUCCESSFULLY,4061.000000,184.000000,4245.000000,3731.000000,3915.000000,21.277174,1-3 13 16 24 28 33-37 39,-1.000000,
223,w0,P223,3197.000000,2,1937.000000,1,COMPLETED_SUCCESSFULLY,3311.000000,935.000000,4246.000000,114.000000,1049.000000,1.121925,12 15,-1.000000,
291,w0,P291,4248.000000,1,68.000000,1,COMPLETED_SUCCESSFULLY,4248.000000,43.000000,4291.000000,0.000000,43.000000,1.000000,39,-1.000000,
292,w0,P292,4250.000000,1,96.000000,1,COMPLETED_SUCCESSFULLY,4291.000000,44.000000,4335.000000,41.000000,85.000000,1.931818,39,-1.000000,
155,w0,P155,2088.000000,1,4377.000000,1,COMPLETED_SUCCESSFULLY,2115.000000,2237.000000,4352.000000,27.000000,2264.000000,1.012070,7,-1.000000,
280,w0,P280,4027.000000,1,368.000000,1,COMPLETED_SUCCESSFULLY,4245.000000,125.000000,4370.000000,218.000000,343.000000,2.744000,28,-1.000000,
296,w0,P296,4312.000000,2,92.000000,1,COMPLETED_SUCCESSFULLY,4352.000000,64.000000,4416.000000,40.000000,104.000000,1.625000,7 39,-1.000000,
275,w0,P275,3915.000000,1,713.000000,1,COMPLETED_SUCCESSFULLY,4245.000000,204.000000,4449.000000,330.000000,534.000000,2.617647,24,-1.000000,
290,w0,P290,4213.000000,3,398.000000,1,COMPLETED_SUCCESSFULLY,4246.000000,229.000000,4475.000000,33.000000,262.000000,1.144105,12 15 37,-1.000000,
272,w0,P272,3887.000000,1,656.000000,1,COMPLETED_SUCCESSFULLY,4245.000000,250.000000,4495.000000,358.000000,608.000000,2.432000,23,-1.000000,
303,w0,P303,4414.000000,1,347.000000,1,COMPLETED_SUCCESSFULLY,4414.000000,92.000000,4506.000000,0.000000,92.000000,1.000000,28,-1.000000,
273,w0,P273,3887.000000,2,764.000000,1,COMPLETED_SUCCESSFULLY,4245.000000,350.000000,4595.000000,358.000000,708.000000,2.022857,33-34,-1.000000,
304,w0,P304,4446.000000,1,204.000000,1,COMPLETED_SUCCESSFULLY,4506.000000,102.000000,4608.000000,60.000000,162.000000,1.588235,28,-1.000000,
200,w0,P200,2794.000000,3,3089.000000,1,COMPLETED_SUCCESSFULLY,3488.000000,1123.000000,4611.000000,694.000000,1817.000000,1.617988,8 10 31,-1.000000,
311,w0,P311,4606.000000,1,51.000000,1,COMPLETED_SUCCESSFULLY,4606.000000,25.000000,4631.000000,0.000000,25.000000,1.000000,34,-1.000000,
308,w0,P308,4531.000000,1,132.000000,1,COMPLETED_SUCCESSFULLY,4595.000000,49.000000,4644.000000,64.000000,113.000000,2.306122,33,-1.000000,
293,w0,P293,4261.000000,1,690.000000,1,COMPLETED_SUCCESSFULLY,4475.000000,213.000000,4688.000000,214.000000,427.000000,2.004695,39,-1.000000,
294,w0,P294,4272.000000,1,687.000000,1,COMPLETED_SUCCESSFULLY,4495.000000,202.000000,4697.000000,223.000000,425.000000,2.103960,23,-1.000000,
277,w0,P277,3989.000000,2,955.000000,1,COMPLETED_SUCCESSFULLY,4245.000000,465.000000,4710.000000,256.000000,721.000000,1.550538,35-36,-1.000000,
313,w0,P313,4643.000000,1,86.000000,1,COMPLETED_SUCCESSFULLY,4697.000000,41.000000,4738.000000,54.000000,95.000000,2.317073,23,-1.000000,
312,w0,P312,4615.000000,1,361.000000,1,COMPLETED_SUCCESSFULLY,4710.000000,123.000000,4833.000000,95.000000,218.000000,1.772358,35,-1.000000,
325,w0,P325,4791.000000,1,66.000000,1,COMPLETED_SUCCESSFULLY,4833.000000,26.000000,4859.000000,42.000000,68.000000,2.615385,35,-1.000000,
314,w0,P314,4646.000000,1,496.000000,1,COMPLETED_SUCCESSFULLY,4688.000000,204.000000,4892.000000,42.000000,246.000000,1.205882,39,-1.000000,
86,w0,P86,1152.000000,4,8074.000000,1,COMPLETED_SUCCESSFULLY,1786.000000,3168.000000,4954.000000,634.000000,3802.000000,1.200126,11 14 21 27,-1.000000,
321,w0,P321,4736.000000,2,878.000000,1,COMPLETED_SUCCESSFULLY,4738.000000,286.000000,5024.000000,2.000000,288.000000,1.006993,23 36,-1.000000,
329,w0,P329,4861.000000,1,484.000000,1,COMPLETED_SUCCESSFULLY,4861.000000,167.000000,5028.000000,0.000000,167.000000,1.000000,35,-1.000000,
315,w0,P315,4655.000000,2,309.000000,1,COMPLETED_SUCCESSFULLY,4954.000000,88.000000,5042.000000,299.000000,387.000000,4.397727,21 27,-1.000000,
287,w0,P287,4128.000000,1,1287.000000,1,COMPLETED_SUCCESSFULLY,4644.000000,427.000000,5071.000000,516.000000,943.000000,2.208431,33,-1.000000,
318,w0,P318,4669.000000,2,454.000000,1,COMPLETED_SUCCESSFULLY,4954.000000,126.000000,5080.000000,285.000000,411.000000,3.261905,11 14,-1.000000,
307,w0,P307,4524.000000,2,137.000000,1,COMPLETED_SUCCESSFULLY,5024.000000,63.000000,5087.000000,500.000000,563.000000,8.936508,23 36,-1.000000,
336,w0,P336,4912.000000,1,659.000000,1,COMPLETED_SUCCESSFULLY,4912.000000,188.000000,5100.000000,0.000000,188.000000,1.000000,39,-1.000000,
346,w0,P346,5074.000000,2,55.000000,1,COMPLETED_SUCCESSFULLY,5080.000000,31.000000,5111.000000,6.000000,37.000000,1.193548,11 14,-1.000000,
342,w0,P342,4987.000000,3,184.000000,1,COMPLETED_SUCCESSFULLY,5042.000000,93.000000,5135.000000,55.000000,148.000000,1.591398,21 27 35,-1.000000,
113,w0,P113,1445.000000,5,412.000000,1,COMPLETED_SUCCESSFULLY,5111.000000,201.000000,5312.000000,3666.000000,3867.000000,19.238806,11 14 23 33 36,-1.000000,
61,w0,P61,814.000000,5,1533.000000,1,COMPLETED_SUCCESSFULLY,4475.000000,889.000000,5364.000000,3661.000000,4550.000000,5.118110,7 12 15 24 37,-1.000000,
74,w0,P74,1008.000000,5,1484.000000,1,COMPLETED_SUCCESSFULLY,4631.000000,738.000000,5369.000000,3623.000000,4361.000000,5.909214,8 10 28 31 34,-1.000000,
146,w0,P146,1918.000000,4,348.000000,1,COMPLETED_SUCCESSFULLY,5135.000000,275.000000,5410.000000,3217.000000,3492.000000,12.698182,21 27 35 39,-1.000000,
117,w0,P117,1493.000000,5,227.000000,1,COMPLETED_SUCCESSFULLY,5312.000000,106.000000,5418.000000,3819.000000,3925.000000,37.028302,11 14 23 33 36,-1.000000,
365,w0,P365,5416.000000,2,117.000000,1,COMPLETED_SUCCESSFULLY,5416.000000,88.000000,5504.000000,0.000000,88.000000,1.000000,34-35,-1.000000,
250,w0,P250,3615.000000,2,3009.000000,1,COMPLETED_SUCCESSFULLY,3627.000000,1939.000000,5566.000000,12.000000,1951.000000,1.006189,29 38,-1.000000,
363,w0,P363,5404.000000,1,328.000000,1,COMPLETED_SUCCESSFULLY,5474.000000,148.000000,5622.000000,70.000000,218.000000,1.472973,39,-1.000000,
322,w0,P322,4739.000000,2,477.000000,1,COMPLETED_SUCCESSFULLY,5504.000000,134.000000,5638.000000,765.000000,899.000000,6.708955,34-35,-1.000000,
141,w0,P141,1871.000000,5,514.000000,1,COMPLETED_SUCCESSFULLY,5474.000000,167.000000,5641.000000,3603.000000,3770.000000,22.574850,11 14 23 33 36,-1.000000,
353,w0,P353,5232.000000,2,154.000000,1,COMPLETED_SUCCESSFULLY,5638.000000,52.000000,5690.000000,406.000000,458.000000,8.807692,34-35,-1.000000,
99,w0,P99,1300.000000,6,874.000000,1,COMPLETED_SUCCESSFULLY,5410.000000,311.000000,5721.000000,4110.000000,4421.000000,14.215434,8 10 21 27-28 31,-1.000000,
343,w0,P343,4987.000000,2,410.000000,1,COMPLETED_SUCCESSFULLY,5566.000000,270.000000,5836.000000,579.000000,849.000000,3.144444,29 38,-1.000000,
404,w0,P404,5834.000000,1,95.000000,1,COMPLETED_SUCCESSFULLY,5836.000000,47.000000,5883.000000,2.000000,49.000000,1.042553,29,-1.000000,
408,w0,P408,5884.000000,2,229.000000,1,COMPLETED_SUCCESSFULLY,5884.000000,88.000000,5972.000000,0.000000,88.000000,1.000000,29 38,-1.000000,
149,w0,P149,1955.000000,5,821.000000,1,COMPLETED_SUCCESSFULLY,5721.000000,274.000000,5995.000000,3766.000000,4040.000000,14.744526,8 10 21 27-28,-1.000000,
390,w0,P390,5707.000000,1,483.000000,1,COMPLETED_SUCCESSFULLY,5721.000000,289.000000,6010.000000,14.000000,303.000000,1.048443,31,-1.000000,
148,w0,P148,1941.000000,4,577.000000,1,COMPLETED_SUCCESSFULLY,5641.000000,407.000000,6048.000000,3700.000000,4107.000000,10.090909,11 14 23 33,-1.000000,
360,w0,P360,5373.000000,3,179.000000,1,COMPLETED_SUCCESSFULLY,5995.000000,63.000000,6058.000000,622.000000,685.000000,10.873016,28-29 38,-1.000000,
121,w0,P121,1569.000000,5,2582.000000,1,COMPLETED_SUCCESSFULLY,5364.000000,731.000000,6095.000000,3795.000000,4526.000000,6.191518,7 12 15 24 37,-1.000000,
415,w0,P415,6037.000000,1,153.000000,1,COMPLETED_SUCCESSFULLY,6058.000000,87.000000,6145.000000,21.000000,108.000000,1.241379,29,-1.000000,
406,w0,P406,5859.000000,1,498.000000,1,COMPLETED_SUCCESSFULLY,6058.000000,149.000000,6207.000000,199.000000,348.000000,2.335570,28,-1.000000,
410,w0,P410,5938.000000,1,411.000000,1,COMPLETED_SUCCESSFULLY,6095.000000,133.000000,6228.000000,157.000000,290.000000,2.180451,37,-1.000000,
374,w0,P374,5461.000000,1,509.000000,1,COMPLETED_SUCCESSFULLY,6048.000000,210.000000,6258.000000,587.000000,797.000000,3.795238,33,-1.000000,
429,w0,P429,6226.000000,2,72.000000,1,COMPLETED_SUCCESSFULLY,6226.000000,35.000000,6261.000000,0.000000,35.000000,1.000000,28-29,-1.000000,
414,w0,P414,6032.000000,1,461.000000,1,COMPLETED_SUCCESSFULLY,6058.000000,239.000000,6297.000000,26.000000,265.000000,1.108787,38,-1.000000,
178,w0,P178,2486.000000,4,597.000000,1,COMPLETED_SUCCESSFULLY,6095.000000,292.000000,6387.000000,3609.000000,3901.000000,13.359589,7 12 15 24,-1.000000,
437,w0,P437,6301.000000,1,337.000000,1,COMPLETED_SUCCESSFULLY,6301.000000,103.000000,6404.000000,0.000000,103.000000,1.000000,38,-1.000000,
443,w0,P443,6399.000000,1,124.000000,1,COMPLETED_SUCCESSFULLY,6404.000000,37.000000,6441.000000,5.000000,42.000000,1.135135,38,-1.000000,
161,w0,P161,2255.000000,4,1491.000000,1,COMPLETED_SUCCESSFULLY,5995.000000,496.000000,6491.000000,3740.000000,4236.000000,8.540323,8 10 21 27,-1.000000,
153,w0,P153,2068.000000,4,1124.000000,1,COMPLETED_SUCCESSFULLY,5690.000000,813.000000,6503.000000,3622.000000,4435.000000,5.455105,34-36 39,-1.000000,
442,w0,P442,6366.000000,1,399.000000,1,COMPLETED_SUCCESSFULLY,6503.000000,105.000000,6608.000000,137.000000,242.000000,2.304762,39,-1.000000,
174,w0,P174,2431.000000,4,2502.000000,1,COMPLETED_SUCCESSFULLY,6048.000000,705.000000,6753.000000,3617.000000,4322.000000,6.130496,11 14 23 31,-1.000000,
179,w0,P179,2493.000000,4,2259.000000,1,COMPLETED_SUCCESSFULLY,6261.000000,571.000000,6832.000000,3768.000000,4339.000000,7.598949,28-29 33 37,-1.000000,
449,w0,P449,6523.000000,1,112.000000,1,COMPLETED_SUCCESSFULLY,6832.000000,29.000000,6861.000000,309.000000,338.000000,11.655172,33,-1.000000,
466,w0,P466,6785.000000,1,209.000000,1,COMPLETED_SUCCESSFULLY,6832.000000,58.000000,6890.000000,47.000000,105.000000,1.810345,28,-1.000000,
453,w0,P453,6552.000000,1,200.000000,1,COMPLETED_SUCCESSFULLY,6832.000000,58.000000,6890.000000,280.000000,338.000000,5.827586,29,-1.000000,
448,w0,P448,6521.000000,1,197.000000,1,COMPLETED_SUCCESSFULLY,6832.000000,62.000000,6894.000000,311.000000,373.000000,6.016129,37,-1.000000,
417,w0,P417,6063.000000,1,584.000000,1,COMPLETED_SUCCESSFULLY,6608.000000,294.000000,6902.000000,545.000000,839.000000,2.853741,39,-1.000000,
446,w0,P446,6520.000000,1,207.000000,1,COMPLETED_SUCCESSFULLY,6890.000000,83.000000,6973.000000,370.000000,453.000000,5.457831,28,-1.000000,
452,w0,P452,6547.000000,2,31.000000,1,COMPLETED_SUCCESSFULLY,6973.000000,9.000000,6982.000000,426.000000,435.000000,48.333333,28 39,-1.000000,
455,w0,P455,6594.000000,2,198.000000,1,COMPLETED_SUCCESSFULLY,6894.000000,121.000000,7015.000000,300.000000,421.000000,3.479339,29 37,-1.000000,
469,w0,P469,6856.000000,1,317.000000,1,COMPLETED_SUCCESSFULLY,6861.000000,174.000000,7035.000000,5.000000,179.000000,1.028736,33,-1.000000,
432,w0,P432,6266.000000,3,73.000000,1,COMPLETED_SUCCESSFULLY,7015.000000,41.000000,7056.000000,749.000000,790.000000,19.268293,28-29 37,-1.000000,
189,w0,P189,2612.000000,4,1081.000000,1,COMPLETED_SUCCESSFULLY,6503.000000,734.000000,7237.000000,3891.000000,4625.000000,6.301090,34-36 38,-1.000000,
182,w0,P182,2513.000000,4,3080.000000,1,COMPLETED_SUCCESSFULLY,6387.000000,861.000000,7248.000000,3874.000000,4735.000000,5.499419,7 12 15 24,-1.000000,
461,w0,P461,6656.000000,1,450.000000,1,COMPLETED_SUCCESSFULLY,7056.000000,193.000000,7249.000000,400.000000,593.000000,3.072539,39,-1.000000,
41,w0,P41,534.000000,6,5467.000000,1,COMPLETED_SUCCESSFULLY,4245.000000,3046.000000,7291.000000,3711.000000,6757.000000,2.218319,1-3 9 13 16,-1.000000,
480,w0,P480,7091.000000,2,230.000000,1,COMPLETED_SUCCESSFULLY,7248.000000,65.000000,7313.000000,157.000000,222.000000,3.415385,7 12,-1.000000,
490,w0,P490,7263.000000,1,149.000000,1,COMPLETED_SUCCESSFULLY,7263.000000,65.000000,7328.000000,0.000000,65.000000,1.000000,15,-1.000000,
481,w0,P481,7114.000000,1,473.000000,1,COMPLETED_SUCCESSFULLY,7313.000000,119.000000,7432.000000,199.000000,318.000000,2.672269,39,-1.000000,
463,w0,P463,6674.000000,1,720.000000,1,COMPLETED_SUCCESSFULLY,7237.000000,201.000000,7438.000000,563.000000,764.000000,3.800995,38,-1.000000,
260,w0,P260,3697.000000,4,833.000000,1,COMPLETED_SUCCESSFULLY,7313.000000,222.000000,7535.000000,3616.000000,3838.000000,17.288288,7 12 16 24,-1.000000,
493,w0,P493,7280.000000,1,340.000000,1,COMPLETED_SUCCESSFULLY,7432.000000,153.000000,7585.000000,152.000000,305.000000,1.993464,39,-1.000000,
450,w0,P450,6537.000000,1,533.000000,1,COMPLETED_SUCCESSFULLY,7328.000000,274.000000,7602.000000,791.000000,1065.000000,3.886861,15,-1.000000,
184,w0,P184,2560.000000,4,3955.000000,1,COMPLETED_SUCCESSFULLY,6491.000000,1114.000000,7605.000000,3931.000000,5045.000000,4.528725,8 10 21 27,-1.000000,
244,w0,P244,3547.000000,3,967.000000,1,COMPLETED_SUCCESSFULLY,7237.000000,437.000000,7674.000000,3690.000000,4127.000000,9.443936,34-36,-1.000000,
358,w0,P358,5312.000000,2,388.000000,1,COMPLETED_SUCCESSFULLY,7605.000000,108.000000,7713.000000,2293.000000,2401.000000,22.231481,8 10,-1.000000,
190,w0,P190,2647.000000,4,2743.000000,1,COMPLETED_SUCCESSFULLY,6753.000000,1020.000000,7773.000000,4106.000000,5126.000000,5.025490,11 14 23 31,-1.000000,
496,w0,P496,7287.000000,1,603.000000,1,COMPLETED_SUCCESSFULLY,7602.000000,203.000000,7805.000000,315.000000,518.000000,2.551724,15,-1.000000,
366,w0,P366,5426.000000,3,270.000000,1,COMPLETED_SUCCESSFULLY,7674.000000,164.000000,7838.000000,2248.000000,2412.000000,14.707317,34-36,-1.000000,
267,w0,P267,3751.000000,3,1020.000000,1,COMPLETED_SUCCESSFULLY,7535.000000,328.000000,7863.000000,3784.000000,4112.000000,12.536585,7 12 16,-1.000000,
362,w0,P362,5400.000000,2,552.000000,1,COMPLETED_SUCCESSFULLY,7605.000000,311.000000,7916.000000,2205.000000,2516.000000,8.090032,21 27,-1.000000,
345,w0,P345,5034.000000,2,565.000000,1,COMPLETED_SUCCESSFULLY,7916.000000,336.000000,8252.000000,2882.000000,3218.000000,9.577381,21 27,-1.000000,
281,w0,P281,4055.000000,4,790.000000,1,COMPLETED_SUCCESSFULLY,7773.000000,484.000000,8257.000000,3718.000000,4202.000000,8.681818,8 10-11 14,-1.000000,
274,w0,P274,3914.000000,3,3016.000000,1,COMPLETED_SUCCESSFULLY,7585.000000,881.000000,8466.000000,3671.000000,4552.000000,5.166856,24 38-39,-1.000000,
309,w0,P309,4577.000000,3,685.000000,1,COMPLETED_SUCCESSFULLY,8257.000000,220.000000,8477.000000,3680.000000,3900.000000,17.727273,11 14 36,-1.000000,
39,w0,P39,466.000000,13,13954.000000,1,COMPLETED_SUCCESSFULLY,4071.000000,4497.000000,8568.000000,3605.000000,8102.000000,1.801646,0 4-6 17-20 22 25-26 30 32,-1.000000,
306,w0,P306,4491.000000,2,736.000000,1,COMPLETED_SUCCESSFULLY,8257.000000,315.000000,8572.000000,3766.000000,4081.000000,12.955556,8 10,-1.000000,
326,w0,P326,4817.000000,3,499.000000,1,COMPLETED_SUCCESSFULLY,8568.000000,155.000000,8723.000000,3751.000000,3906.000000,25.200000,17-19,-1.000000,
323,w0,P323,4742.000000,2,667.000000,1,COMPLETED_SUCCESSFULLY,8477.000000,295.000000,8772.000000,3735.000000,4030.000000,13.661017,11 14,-1.000000,
382,w0,P382,5582.000000,2,511.000000,1,COMPLETED_SUCCESSFULLY,8477.000000,332.000000,8809.000000,2895.000000,3227.000000,9.719880,36 39,-1.000000,
332,w0,P332,4885.000000,3,556.000000,1,COMPLETED_SUCCESSFULLY,8568.000000,266.000000,8834.000000,3683.000000,3949.000000,14.845865,26 30 32,-1.000000,
418,w0,P418,6067.000000,2,384.000000,1,COMPLETED_SUCCESSFULLY,8572.000000,262.000000,8834.000000,2505.000000,2767.000000,10.561069,8 10,-1.000000,
166,w0,P166,2307.000000,5,3134.000000,1,COMPLETED_SUCCESSFULLY,7291.000000,1555.000000,8846.000000,4984.000000,6539.000000,4.205145,1-3 9 13,-1.000000,
339,w0,P339,4957.000000,1,818.000000,1,COMPLETED_SUCCESSFULLY,8568.000000,405.000000,8973.000000,3611.000000,4016.000000,9.916049,0,-1.000000,
348,w0,P348,5116.000000,2,672.000000,1,COMPLETED_SUCCESSFULLY,8772.000000,213.000000,8985.000000,3656.000000,3869.000000,18.164319,11 14,-1.000000,
299,w0,P299,4394.000000,2,1970.000000,1,COMPLETED_SUCCESSFULLY,8252.000000,736.000000,8988.000000,3858.000000,4594.000000,6.241848,21 27,-1.000000,
422,w0,P422,6146.000000,2,388.000000,1,COMPLETED_SUCCESSFULLY,8846.000000,147.000000,8993.000000,2700.000000,2847.000000,19.367347,9 13,-1.000000,
282,w0,P282,4072.000000,4,2240.000000,1,COMPLETED_SUCCESSFULLY,7838.000000,1223.000000,9061.000000,3766.000000,4989.000000,4.079313,15 23 31 34,-1.000000,
283,w0,P283,4081.000000,4,3997.000000,1,COMPLETED_SUCCESSFULLY,7863.000000,1204.000000,9067.000000,3782.000000,4986.000000,4.141196,7 12 16 35,-1.000000,
344,w0,P344,4989.000000,2,1060.000000,1,COMPLETED_SUCCESSFULLY,8723.000000,362.000000,9085.000000,3734.000000,4096.000000,11.314917,18-19,-1.000000,
238,w0,P238,3451.000000,4,7096.000000,1,COMPLETED_SUCCESSFULLY,7056.000000,2037.000000,9093.000000,3605.000000,5642.000000,2.769759,28-29 33 37,-1.000000,
341,w0,P341,4979.000000,3,903.000000,1,COMPLETED_SUCCESSFULLY,8846.000000,327.000000,9173.000000,3867.000000,4194.000000,12.825688,1-3,-1.000000,
488,w0,P488,7232.000000,1,721.000000,1,COMPLETED_SUCCESSFULLY,8993.000000,190.000000,9183.000000,1761.000000,1951.000000,10.268421,9,-1.000000,
338,w0,P338,4945.000000,3,918.000000,1,COMPLETED_SUCCESSFULLY,8834.000000,487.000000,9321.000000,3889.000000,4376.000000,8.985626,26 30 32,-1.000000,
351,w0,P351,5218.000000,3,491.000000,1,COMPLETED_SUCCESSFULLY,9093.000000,271.000000,9364.000000,3875.000000,4146.000000,15.298893,28-29 33,-1.000000,
359,w0,P359,5342.000000,2,1072.000000,1,COMPLETED_SUCCESSFULLY,8988.000000,436.000000,9424.000000,3646.000000,4082.000000,9.362385,21 27,-1.000000,
320,w0,P320,4712.000000,2,2853.000000,1,COMPLETED_SUCCESSFULLY,8466.000000,961.000000,9427.000000,3754.000000,4715.000000,4.906348,24 38,-1.000000,
350,w0,P350,5190.000000,3,873.000000,1,COMPLETED_SUCCESSFULLY,9067.000000,366.000000,9433.000000,3877.000000,4243.000000,11.592896,16 34-35,-1.000000,
384,w0,P384,5665.000000,2,385.000000,1,COMPLETED_SUCCESSFULLY,9364.000000,147.000000,9511.000000,3699.000000,3846.000000,26.163265,32-33,-1.000000,
371,w0,P371,5446.000000,1,1038.000000,1,COMPLETED_SUCCESSFULLY,9061.000000,451.000000,9512.000000,3615.000000,4066.000000,9.015521,13,-1.000000,
361,w0,P361,5394.000000,2,1350.000000,1,COMPLETED_SUCCESSFULLY,9061.000000,496.000000,9557.000000,3667.000000,4163.000000,8.393145,23 31,-1.000000,
349,w0,P349,5171.000000,2,2958.000000,1,COMPLETED_SUCCESSFULLY,8809.000000,794.000000,9603.000000,3638.000000,4432.000000,5.581864,36 39,-1.000000,
471,w0,P471,6873.000000,2,337.000000,1,COMPLETED_SUCCESSFULLY,9512.000000,125.000000,9637.000000,2639.000000,2764.000000,22.112000,13 35,-1.000000,
356,w0,P356,5281.000000,2,1302.000000,1,COMPLETED_SUCCESSFULLY,8985.000000,678.000000,9663.000000,3704.000000,4382.000000,6.463127,11 14,-1.000000,
357,w0,P357,5292.000000,1,2749.000000,1,COMPLETED_SUCCESSFULLY,8973.000000,698.000000,9671.000000,3681.000000,4379.000000,6.273639,0,-1.000000,
383,w0,P383,5642.000000,2,815.000000,1,COMPLETED_SUCCESSFULLY,9364.000000,318.000000,9682.000000,3722.000000,4040.000000,12.704403,28-29,-1.000000,
392,w0,P392,5724.000000,2,884.000000,1,COMPLETED_SUCCESSFULLY,9427.000000,259.000000,9686.000000,3703.000000,3962.000000,15.297297,24 38,-1.000000,
386,w0,P386,5689.000000,2,967.000000,1,COMPLETED_SUCCESSFULLY,9424.000000,262.000000,9686.000000,3735.000000,3997.000000,15.255725,21 27,-1.000000,
381,w0,P381,5549.000000,2,995.000000,1,COMPLETED_SUCCESSFULLY,9183.000000,540.000000,9723.000000,3634.000000,4174.000000,7.729630,9 37,-1.000000,
375,w0,P375,5474.000000,2,2194.000000,1,COMPLETED_SUCCESSFULLY,9085.000000,649.000000,9734.000000,3611.000000,4260.000000,6.563945,18-19,-1.000000,
347,w0,P347,5115.000000,1,2530.000000,1,COMPLETED_SUCCESSFULLY,8723.000000,1023.000000,9746.000000,3608.000000,4631.000000,4.526882,17,-1.000000,
396,w0,P396,5770.000000,2,554.000000,1,COMPLETED_SUCCESSFULLY,9511.000000,249.000000,9760.000000,3741.000000,3990.000000,16.024096,32-33,-1.000000,
391,w0,P391,5708.000000,1,1044.000000,1,COMPLETED_SUCCESSFULLY,9321.000000,441.000000,9762.000000,3613.000000,4054.000000,9.192744,30,-1.000000,
378,w0,P378,5537.000000,2,1056.000000,1,COMPLETED_SUCCESSFULLY,9173.000000,592.000000,9765.000000,3636.000000,4228.000000,7.141892,2-3,-1.000000,
389,w0,P389,5698.000000,1,1472.000000,1,COMPLETED_SUCCESSFULLY,9321.000000,484.000000,9805.000000,3623.000000,4107.000000,8.485537,26,-1.000000,
368,w0,P368,5431.000000,2,2372.000000,1,COMPLETED_SUCCESSFULLY,9067.000000,754.000000,9821.000000,3636.000000,4390.000000,5.822281,7 12,-1.000000,
492,w0,P492,7273.000000,2,331.000000,1,COMPLETED_SUCCESSFULLY,9637.000000,191.000000,9828.000000,2364.000000,2555.000000,13.376963,13 35,-1.000000,
400,w0,P400,5805.000000,3,766.000000,1,COMPLETED_SUCCESSFULLY,9686.000000,212.000000,9898.000000,3881.000000,4093.000000,19.306604,21 27 38,-1.000000,
373,w0,P373,5456.000000,1,1369.000000,1,COMPLETED_SUCCESSFULLY,9061.000000,851.000000,9912.000000,3605.000000,4456.000000,5.236193,15,-1.000000,
412,w0,P412,5977.000000,3,722.000000,1,COMPLETED_SUCCESSFULLY,9762.000000,203.000000,9965.000000,3785.000000,3988.000000,19.645320,30 32-33,-1.000000,
324,w0,P324,4790.000000,3,2138.000000,1,COMPLETED_SUCCESSFULLY,8568.000000,1407.000000,9975.000000,3778.000000,5185.000000,3.685146,4-6,-1.000000,
411,w0,P411,5967.000000,1,1193.000000,1,COMPLETED_SUCCESSFULLY,9603.000000,391.000000,9994.000000,3636.000000,4027.000000,10.299233,23,-1.000000,
426,w0,P426,6176.000000,2,572.000000,1,COMPLETED_SUCCESSFULLY,9805.000000,234.000000,10039.000000,3629.000000,3863.000000,16.508547,2-3,-1.000000,
380,w0,P380,5549.000000,1,2420.000000,1,COMPLETED_SUCCESSFULLY,9173.000000,872.000000,10045.000000,3624.000000,4496.000000,5.155963,1,-1.000000,
399,w0,P399,5801.000000,3,744.000000,1,COMPLETED_SUCCESSFULLY,9686.000000,375.000000,10061.000000,3885.000000,4260.000000,11.360000,24 28-29,-1.000000,
431,w0,P431,6266.000000,2,450.000000,1,COMPLETED_SUCCESSFULLY,9965.000000,127.000000,10092.000000,3699.000000,3826.000000,30.125984,30 32,-1.000000,
428,w0,P428,6208.000000,2,886.000000,1,COMPLETED_SUCCESSFULLY,9821.000000,336.000000,10157.000000,3613.000000,3949.000000,11.752976,7 12,-1.000000,
498,w0,P498,7321.000000,2,352.000000,1,COMPLETED_SUCCESSFULLY,9975.000000,215.000000,10190.000000,2654.000000,2869.000000,13.344186,6 33,-1.000000,
394,w0,P394,5758.000000,2,2644.000000,1,COMPLETED_SUCCESSFULLY,9433.000000,790.000000,10223.000000,3675.000000,4465.000000,5.651899,16 34,-1.000000,
409,w0,P409,5928.000000,3,1693.000000,1,COMPLETED_SUCCESSFULLY,9746.000000,561.000000,10307.000000,3818.000000,4379.000000,7.805704,17 19 37,-1.000000,
433,w0,P433,6283.000000,3,610.000000,1,COMPLETED_SUCCESSFULLY,10092.000000,248.000000,10340.000000,3809.000000,4057.000000,16.358871,28-30,-1.000000,
434,w0,P434,6283.000000,1,1268.000000,1,COMPLETED_SUCCESSFULLY,9898.000000,457.000000,10355.000000,3615.000000,4072.000000,8.910284,21,-1.000000,
447,w0,P447,6520.000000,2,551.000000,1,COMPLETED_SUCCESSFULLY,10157.000000,203.000000,10360.000000,3637.000000,3840.000000,18.916256,12 32,-1.000000,
423,w0,P423,6147.000000,3,979.000000,1,COMPLETED_SUCCESSFULLY,10061.000000,305.000000,10366.000000,3914.000000,4219.000000,13.832787,1 23-24,-1.000000,
330,w0,P330,4866.000000,3,3885.000000,1,COMPLETED_SUCCESSFULLY,8568.000000,1800.000000,10368.000000,3702.000000,5502.000000,3.056667,20 22 25,-1.000000,
419,w0,P419,6095.000000,3,2003.000000,1,COMPLETED_SUCCESSFULLY,9828.000000,581.000000,10409.000000,3733.000000,4314.000000,7.425129,13 26 35,-1.000000,
370,w0,P370,5438.000000,3,1147.000000,1,COMPLETED_SUCCESSFULLY,9603.000000,825.000000,10428.000000,4165.000000,4990.000000,6.048485,31 36 39,-1.000000,
439,w0,P439,6323.000000,3,319.000000,1,COMPLETED_SUCCESSFULLY,10307.000000,178.000000,10485.000000,3984.000000,4162.000000,23.382022,17 19 34,-1.000000,
435,w0,P435,6288.000000,1,2098.000000,1,COMPLETED_SUCCESSFULLY,9898.000000,594.000000,10492.000000,3610.000000,4204.000000,7.077441,27,-1.000000,
352,w0,P352,5223.000000,2,2188.000000,1,COMPLETED_SUCCESSFULLY,8834.000000,1669.000000,10503.000000,3611.000000,5280.000000,3.163571,8 10,-1.000000,
445,w0,P445,6442.000000,3,389.000000,1,COMPLETED_SUCCESSFULLY,10360.000000,181.000000,10541.000000,3918.000000,4099.000000,22.646409,12 21 32,-1.000000,
451,w0,P451,6540.000000,1,1555.000000,1,COMPLETED_SUCCESSFULLY,10157.000000,405.000000,10562.000000,3617.000000,4022.000000,9.930864,7,-1.000000,
377,w0,P377,5512.000000,3,2392.000000,1,COMPLETED_SUCCESSFULLY,9671.000000,999.000000,10670.000000,4159.000000,5158.000000,5.163163,0 11 14,-1.000000,
468,w0,P468,6829.000000,2,733.000000,1,COMPLETED_SUCCESSFULLY,10485.000000,225.000000,10710.000000,3656.000000,3881.000000,17.248889,17 19,-1.000000,
436,w0,P436,6292.000000,2,2622.000000,1,COMPLETED_SUCCESSFULLY,9975.000000,742.000000,10717.000000,3683.000000,4425.000000,5.963612,4-5,-1.000000,
440,w0,P440,6332.000000,3,1489.000000,1,COMPLETED_SUCCESSFULLY,10340.000000,395.000000,10735.000000,4008.000000,4403.000000,11.146835,28-30,-1.000000,
467,w0,P467,6788.000000,2,774.000000,1,COMPLETED_SUCCESSFULLY,10409.000000,376.000000,10785.000000,3621.000000,3997.000000,10.630319,13 26,-1.000000,
444,w0,P444,6436.000000,2,2281.000000,1,COMPLETED_SUCCESSFULLY,10039.000000,799.000000,10838.000000,3603.000000,4402.000000,5.509387,2-3,-1.000000,
465,w0,P465,6744.000000,3,1570.000000,1,COMPLETED_SUCCESSFULLY,10368.000000,470.000000,10838.000000,3624.000000,4094.000000,8.710638,20 22 25,-1.000000,
297,w0,P297,4328.000000,4,704.000000,1,COMPLETED_SUCCESSFULLY,10541.000000,311.000000,10852.000000,6213.000000,6524.000000,20.977492,8 10 12 21,-1.000000,
475,w0,P475,6993.000000,1,782.000000,1,COMPLETED_SUCCESSFULLY,10670.000000,225.000000,10895.000000,3677.000000,3902.000000,17.342222,0,-1.000000,
462,w0,P462,6673.000000,3,2046.000000,1,COMPLETED_SUCCESSFULLY,10366.000000,555.000000,10921.000000,3693.000000,4248.000000,7.654054,1 23-24,-1.000000,
479,w0,P479,7082.000000,1,818.000000,1,COMPLETED_SUCCESSFULLY,10710.000000,228.000000,10938.000000,3628.000000,3856.000000,16.912281,17,-1.000000,
477,w0,P477,7062.000000,1,1029.000000,1,COMPLETED_SUCCESSFULLY,10670.000000,285.000000,10955.000000,3608.000000,3893.000000,13.659649,7,-1.000000,
300,w0,P300,4396.000000,4,165.000000,1,COMPLETED_SUCCESSFULLY,10852.000000,107.000000,10959.000000,6456.000000,6563.000000,61.336449,8 10 12 21,-1.000000,
470,w0,P470,6857.000000,3,1546.000000,1,COMPLETED_SUCCESSFULLY,10492.000000,484.000000,10976.000000,3635.000000,4119.000000,8.510331,27 34 39,-1.000000,
302,w0,P302,4410.000000,4,117.000000,1,COMPLETED_SUCCESSFULLY,10959.000000,90.000000,11049.000000,6549.000000,6639.000000,73.766667,7-8 10 12,-1.000000,
421,w0,P421,6133.000000,2,5074.000000,1,COMPLETED_SUCCESSFULLY,9734.000000,1393.000000,11127.000000,3601.000000,4994.000000,3.585068,9 18,-1.000000,
483,w0,P483,7140.000000,2,980.000000,1,COMPLETED_SUCCESSFULLY,10785.000000,365.000000,11150.000000,3645.000000,4010.000000,10.986301,13 26,-1.000000,
333,w0,P333,4894.000000,4,236.000000,1,COMPLETED_SUCCESSFULLY,11049.000000,125.000000,11174.000000,6155.000000,6280.000000,50.240000,7-8 10 12,-1.000000,
430,w0,P430,6234.000000,2,4495.000000,1,COMPLETED_SUCCESSFULLY,9912.000000,1270.000000,11182.000000,3678.000000,4948.000000,3.896063,15 38,-1.000000,
484,w0,P484,7195.000000,3,886.000000,1,COMPLETED_SUCCESSFULLY,10838.000000,361.000000,11199.000000,3643.000000,4004.000000,11.091413,2-3 20,-1.000000,
367,w0,P367,5430.000000,4,175.000000,1,COMPLETED_SUCCESSFULLY,11199.000000,71.000000,11270.000000,5769.000000,5840.000000,82.253521,2-3 15 20,-1.000000,
478,w0,P478,7071.000000,2,1821.000000,1,COMPLETED_SUCCESSFULLY,10710.000000,661.000000,11371.000000,3639.000000,4300.000000,6.505295,19 32,-1.000000,
298,w0,P298,4382.000000,4,1104.000000,1,COMPLETED_SUCCESSFULLY,10838.000000,574.000000,11412.000000,6456.000000,7030.000000,12.247387,22 25 28-29,-1.000000,
454,w0,P454,6588.000000,2,2121.000000,1,COMPLETED_SUCCESSFULLY,10190.000000,1303.000000,11493.000000,3602.000000,4905.000000,3.764390,6 33,-1.000000,
491,w0,P491,7270.000000,3,866.000000,1,COMPLETED_SUCCESSFULLY,10921.000000,673.000000,11594.000000,3651.000000,4324.000000,6.424963,0-1 23,-1.000000,
482,w0,P482,7131.000000,2,2231.000000,1,COMPLETED_SUCCESSFULLY,10735.000000,860.000000,11595.000000,3604.000000,4464.000000,5.190698,4-5,-1.000000,
364,w0,P364,5406.000000,4,1532.000000,1,COMPLETED_SUCCESSFULLY,11174.000000,443.000000,11617.000000,5768.000000,6211.000000,14.020316,7-8 10 12,-1.000000,
402,w0,P402,5817.000000,4,701.000000,1,COMPLETED_SUCCESSFULLY,11412.000000,242.000000,11654.000000,5595.000000,5837.000000,24.119835,19 22 25 28,-1.000000,
474,w0,P474,6967.000000,2,2110.000000,1,COMPLETED_SUCCESSFULLY,10670.000000,1060.000000,11730.000000,3703.000000,4763.000000,4.493396,11 14,-1.000000,
284,w0,P284,4082.000000,4,1905.000000,1,COMPLETED_SUCCESSFULLY,10428.000000,1314.000000,11742.000000,6346.000000,7660.000000,5.829528,31 35-37,-1.000000,
340,w0,P340,4960.000000,4,2535.000000,1,COMPLETED_SUCCESSFULLY,11150.000000,652.000000,11802.000000,6190.000000,6842.000000,10.493865,9 13 18 26,-1.000000,
456,w0,P456,6617.000000,4,210.000000,1,COMPLETED_SUCCESSFULLY,11742.000000,81.000000,11823.000000,5125.000000,5206.000000,64.271605,31 35-37,-1.000000,
331,w0,P331,4869.000000,4,3008.000000,1,COMPLETED_SUCCESSFULLY,10976.000000,867.000000,11843.000000,6107.000000,6974.000000,8.043829,21 27 34 39,-1.000000,
460,w0,P460,6654.000000,4,441.000000,1,COMPLETED_SUCCESSFULLY,11802.000000,154.000000,11956.000000,5148.000000,5302.000000,34.428571,9 13 18 26,-1.000000,
405,w0,P405,5838.000000,4,1624.000000,1,COMPLETED_SUCCESSFULLY,11493.000000,466.000000,11959.000000,5655.000000,6121.000000,13.135193,6 29 32-33,-1.000000,
175,w0,P175,2432.000000,5,746.000000,1,COMPLETED_SUCCESSFULLY,11843.000000,228.000000,12071.000000,9411.000000,9639.000000,42.276316,21 27 31 34-35,-1.000000,
425,w0,P425,6174.000000,4,706.000000,1,COMPLETED_SUCCESSFULLY,11654.000000,468.000000,12122.000000,5480.000000,5948.000000,12.709402,10 12 19 22,-1.000000,
420,w0,P420,6105.000000,4,1578.000000,1,COMPLETED_SUCCESSFULLY,11617.000000,644.000000,12261.000000,5512.000000,6156.000000,9.559006,4-5 7-8,-1.000000,
495,w0,P495,7282.000000,3,4839.000000,1,COMPLETED_SUCCESSFULLY,10938.000000,1339.000000,12277.000000,3656.000000,4995.000000,3.730396,17 24 30,-1.000000,
393,w0,P393,5729.000000,4,3269.000000,1,COMPLETED_SUCCESSFULLY,11270.000000,1196.000000,12466.000000,5541.000000,6737.000000,5.632943,2-3 15 20,-1.000000,
185,w0,P185,2577.000000,5,1096.000000,1,COMPLETED_SUCCESSFULLY,11956.000000,527.000000,12483.000000,9379.000000,9906.000000,18.796964,9 13 18 26 36,-1.000000,
186,w0,P186,2585.000000,5,937.000000,1,COMPLETED_SUCCESSFULLY,11959.000000,531.000000,12490.000000,9374.000000,9905.000000,18.653484,6 29 32-33 37,-1.000000,
264,w0,P264,3736.000000,5,363.000000,1,COMPLETED_SUCCESSFULLY,12277.000000,237.000000,12514.000000,8541.000000,8778.000000,37.037975,4-5 7-8 17,-1.000000,
235,w0,P235,3357.000000,5,815.000000,1,COMPLETED_SUCCESSFULLY,12122.000000,439.000000,12561.000000,8765.000000,9204.000000,20.965831,10 12 19 22 39,-1.000000,
369,w0,P369,5437.000000,5,409.000000,1,COMPLETED_SUCCESSFULLY,12514.000000,112.000000,12626.000000,7077.000000,7189.000000,64.187500,4-5 7-8 17,-1.000000,
310,w0,P310,4604.000000,5,315.000000,1,COMPLETED_SUCCESSFULLY,12483.000000,150.000000,12633.000000,7879.000000,8029.000000,53.526667,9 13 18 26 30,-1.000000,
327,w0,P327,4821.000000,5,355.000000,1,COMPLETED_SUCCESSFULLY,12490.000000,230.000000,12720.000000,7669.000000,7899.000000,34.343478,6 29 32-33 36,-1.000000,
376,w0,P376,5477.000000,5,540.000000,1,COMPLETED_SUCCESSFULLY,12561.000000,207.000000,12768.000000,7084.000000,7291.000000,35.222222,10 12 19 22 37,-1.000000,
407,w0,P407,5869.000000,4,4327.000000,1,COMPLETED_SUCCESSFULLY,11594.000000,1185.000000,12779.000000,5725.000000,6910.000000,5.831224,0-1 23 38,-1.000000,
387,w0,P387,5690.000000,5,910.000000,1,COMPLETED_SUCCESSFULLY,12626.000000,279.000000,12905.000000,6936.000000,7215.000000,25.860215,4-5 7-8 17,-1.000000,
397,w0,P397,5783.000000,5,483.000000,1,COMPLETED_SUCCESSFULLY,12720.000000,228.000000,12948.000000,6937.000000,7165.000000,31.425439,6 29 32-33 36,-1.000000,
388,w0,P388,5695.000000,5,485.000000,1,COMPLETED_SUCCESSFULLY,12633.000000,316.000000,12949.000000,6938.000000,7254.000000,22.955696,9 13 18 26 30,-1.000000,
403,w0,P403,5831.000000,5,363.000000,1,COMPLETED_SUCCESSFULLY,12768.000000,190.000000,12958.000000,6937.000000,7127.000000,37.510526,10 12 19 22 37,-1.000000,
472,w0,P472,6920.000000,5,226.000000,1,COMPLETED_SUCCESSFULLY,12958.000000,127.000000,13085.000000,6038.000000,6165.000000,48.543307,10 12 19 22 37,-1.000000,
413,w0,P413,6000.000000,5,909.000000,1,COMPLETED_SUCCESSFULLY,12779.000000,397.000000,13176.000000,6779.000000,7176.000000,18.075567,0-1 23 38-39,-1.000000,
216,w0,P216,3093.000000,5,3828.000000,1,COMPLETED_SUCCESSFULLY,12071.000000,1149.000000,13220.000000,8978.000000,10127.000000,8.813751,21 27 31 34-35,-1.000000,
457,w0,P457,6633.000000,5,725.000000,1,COMPLETED_SUCCESSFULLY,12905.000000,352.000000,13257.000000,6272.000000,6624.000000,18.818182,4-5 7-8 17,-1.000000,
162,w0,P162,2263.000000,6,267.000000,1,COMPLETED_SUCCESSFULLY,13257.000000,79.000000,13336.000000,10994.000000,11073.000000,140.164557,4-5 7-8 17 21,-1.000000,
500,w0,P500,7336.000000,5,682.000000,1,COMPLETED_SUCCESSFULLY,13176.000000,407.000000,13583.000000,5840.000000,6247.000000,15.348894,0-1 23 38-39,-1.000000,
441,w0,P441,6356.000000,4,6419.000000,1,COMPLETED_SUCCESSFULLY,11730.000000,1880.000000,13610.000000,5374.000000,7254.000000,3.858511,11 14 25 28,-1.000000,
497,w0,P497,7313.000000,5,1598.000000,1,COMPLETED_SUCCESSFULLY,13085.000000,531.000000,13616.000000,5772.000000,6303.000000,11.870056,10 12 19 22 37,-1.000000,
173,w0,P173,2418.000000,6,1072.000000,1,COMPLETED_SUCCESSFULLY,13336.000000,419.000000,13755.000000,10918.000000,11337.000000,27.057279,4-5 7-8 17 21,-1.000000,
251,w0,P251,3635.000000,6,596.000000,1,COMPLETED_SUCCESSFULLY,13755.000000,362.000000,14117.000000,10120.000000,10482.000000,28.955801,4-5 7-8 17 21,-1.000000,
459,w0,P459,6639.000000,5,3981.000000,1,COMPLETED_SUCCESSFULLY,12948.000000,1380.000000,14328.000000,6309.000000,7689.000000,5.571739,6 29 32-33 36,-1.000000,
295,w0,P295,4286.000000,5,5305.000000,1,COMPLETED_SUCCESSFULLY,12466.000000,2082.000000,14548.000000,8180.000000,10262.000000,4.928915,2-3 15 20 24,-1.000000,
256,w0,P256,3667.000000,6,1226.000000,1,COMPLETED_SUCCESSFULLY,14117.000000,536.000000,14653.000000,10450.000000,10986.000000,20.496269,4-5 7-8 17 21,-1.000000,
209,w0,P209,2968.000000,6,3909.000000,1,COMPLETED_SUCCESSFULLY,13583.000000,1257.000000,14840.000000,10615.000000,11872.000000,9.444710,0-1 23 27 31 34,-1.000000,
458,w0,P458,6637.000000,1,15190.000000,1,COMPLETED_SUCCESSFULLY,10307.000000,4539.000000,14846.000000,3670.000000,8209.000000,1.808548,16,-1.000000,
286,w0,P286,4117.000000,6,164.000000,1,COMPLETED_SUCCESSFULLY,14840.000000,53.000000,14893.000000,10723.000000,10776.000000,203.320755,0-1 23 27 29 31,-1.000000,
266,w0,P266,3740.000000,6,962.000000,1,COMPLETED_SUCCESSFULLY,14548.000000,405.000000,14953.000000,10808.000000,11213.000000,27.686420,2-3 6 15 20 24,-1.000000,
285,w0,P285,4113.000000,6,1644.000000,1,COMPLETED_SUCCESSFULLY,14653.000000,475.000000,15128.000000,10540.000000,11015.000000,23.189474,4-5 7-8 17 21,-1.000000,
305,w0,P305,4461.000000,6,1249.000000,1,COMPLETED_SUCCESSFULLY,14953.000000,374.000000,15327.000000,10492.000000,10866.000000,29.053476,2-3 6 15 20 24,-1.000000,
289,w0,P289,4210.000000,6,1198.000000,1,COMPLETED_SUCCESSFULLY,14893.000000,544.000000,15437.000000,10683.000000,11227.000000,20.637868,0-1 16 23 27 29,-1.000000,
427,w0,P427,6192.000000,6,786.000000,1,COMPLETED_SUCCESSFULLY,15437.000000,221.000000,15658.000000,9245.000000,9466.000000,42.832579,0-1 16 23 27 29,-1.000000,
372,w0,P372,5455.000000,6,979.000000,1,COMPLETED_SUCCESSFULLY,15128.000000,532.000000,15660.000000,9673.000000,10205.000000,19.182331,4-5 7-8 17 21,-1.000000,
473,w0,P473,6942.000000,6,148.000000,1,COMPLETED_SUCCESSFULLY,15658.000000,110.000000,15768.000000,8716.000000,8826.000000,80.236364,0-1 16 23 27 29,-1.000000,
232,w0,P232,3297.000000,6,8943.000000,1,COMPLETED_SUCCESSFULLY,13616.000000,2383.000000,15999.000000,10319.000000,12702.000000,5.330256,10 12 19 22 37 39,-1.000000,
489,w0,P489,7246.000000,6,989.000000,1,COMPLETED_SUCCESSFULLY,15768.000000,274.000000,16042.000000,8522.000000,8796.000000,32.102190,0-1 16 23 27 29,-1.000000,
401,w0,P401,5811.000000,6,3558.000000,1,COMPLETED_SUCCESSFULLY,15327.000000,1003.000000,16330.000000,9516.000000,10519.000000,10.487537,2-3 6 15 20 24,-1.000000,
97,w0,P97,1286.000000,7,2077.000000,1,COMPLETED_SUCCESSFULLY,16042.000000,564.000000,16606.000000,14756.000000,15320.000000,27.163121,0-1 16 23 27 29 34,-1.000000,
137,w0,P137,1832.000000,7,1543.000000,1,COMPLETED_SUCCESSFULLY,16330.000000,461.000000,16791.000000,14498.000000,14959.000000,32.449024,2-3 6 15 20 24 36,-1.000000,
476,w0,P476,6998.000000,6,2825.000000,1,COMPLETED_SUCCESSFULLY,15660.000000,1163.000000,16823.000000,8662.000000,9825.000000,8.447979,4-5 7-8 17 21,-1.000000,
158,w0,P158,2155.000000,7,297.000000,1,COMPLETED_SUCCESSFULLY,16791.000000,180.000000,16971.000000,14636.000000,14816.000000,82.311111,2-3 6 15 20 24 36,-1.000000,
208,w0,P208,2962.000000,7,275.000000,1,COMPLETED_SUCCESSFULLY,16823.000000,150.000000,16973.000000,13861.000000,14011.000000,93.406667,4-5 7-8 17 21 37,-1.000000,
464,w0,P464,6685.000000,5,12787.000000,1,COMPLETED_SUCCESSFULLY,12949.000000,4165.000000,17114.000000,6264.000000,10429.000000,2.503962,9 13 18 26 30,-1.000000,
229,w0,P229,3228.000000,7,387.000000,1,COMPLETED_SUCCESSFULLY,16973.000000,196.000000,17169.000000,13745.000000,13941.000000,71.127551,4-5 7-8 17 21 37,-1.000000,
147,w0,P147,1933.000000,7,792.000000,1,COMPLETED_SUCCESSFULLY,16606.000000,603.000000,17209.000000,14673.000000,15276.000000,25.333333,0-1 16 23 27 29 34,-1.000000,
263,w0,P263,3722.000000,7,564.000000,1,COMPLETED_SUCCESSFULLY,17209.000000,163.000000,17372.000000,13487.000000,13650.000000,83.742331,0-1 16 18 21 23 26,-1.000000,
228,w0,P228,3222.000000,7,2473.000000,1,COMPLETED_SUCCESSFULLY,16971.000000,714.000000,17685.000000,13749.000000,14463.000000,20.256303,2-3 6 15 20 24 36,-1.000000,
236,w0,P236,3359.000000,7,2657.000000,1,COMPLETED_SUCCESSFULLY,17169.000000,777.000000,17946.000000,13810.000000,14587.000000,18.773488,4-5 7-9 13 17,-1.000000,
51,w0,P51,715.000000,7,7759.000000,1,COMPLETED_SUCCESSFULLY,15999.000000,2145.000000,18144.000000,15284.000000,17429.000000,8.125408,10 12 19 22 31-33,-1.000000,
398,w0,P398,5791.000000,7,1884.000000,1,COMPLETED_SUCCESSFULLY,17685.000000,472.000000,18157.000000,11894.000000,12366.000000,26.199153,2-3 6 15 20 24 27,-1.000000,
271,w0,P271,3873.000000,7,1445.000000,1,COMPLETED_SUCCESSFULLY,17372.000000,899.000000,18271.000000,13499.000000,14398.000000,16.015573,0-1 16 18 21 23 26,-1.000000,
66,w0,P66,883.000000,8,1094.000000,1,COMPLETED_SUCCESSFULLY,17946.000000,379.000000,18325.000000,17063.000000,17442.000000,46.021108,4-5 7-9 13 17 29,-1.000000,
193,w0,P193,2717.000000,8,421.000000,1,COMPLETED_SUCCESSFULLY,18325.000000,163.000000,18488.000000,15608.000000,15771.000000,96.754601,4-5 7-9 13 17 29,-1.000000,
157,w0,P157,2147.000000,8,1497.000000,1,COMPLETED_SUCCESSFULLY,18157.000000,496.000000,18653.000000,16010.000000,16506.000000,33.278226,2-3 6 15 20 24 27 34,-1.000000,
167,w0,P167,2318.000000,8,2434.000000,1,COMPLETED_SUCCESSFULLY,18271.000000,654.000000,18925.000000,15953.000000,16607.000000,25.392966,0-1 16 18 21 23 26 36,-1.000000,
127,w0,P127,1695.000000,8,2556.000000,1,COMPLETED_SUCCESSFULLY,18144.000000,1160.000000,19304.000000,16449.000000,17609.000000,15.180172,10 12 19 22 30-33,-1.000000,
237,w0,P237,3365.000000,8,1651.000000,1,COMPLETED_SUCCESSFULLY,18488.000000,1015.000000,19503.000000,15123.000000,16138.000000,15.899507,4-5 7-9 13 17 29,-1.000000,
317,w0,P317,4666.000000,8,2210.000000,1,COMPLETED_SUCCESSFULLY,18925.000000,1026.000000,19951.000000,14259.000000,15285.000000,14.897661,0-1 16 18 21 23 26 36,-1.000000,
83,w0,P83,1104.000000,9,2956.000000,1,COMPLETED_SUCCESSFULLY,19503.000000,956.000000,20459.000000,18399.000000,19355.000000,20.245816,4-5 7-9 13 17 29 37,-1.000000,
130,w0,P130,1718.000000,9,144.000000,1,COMPLETED_SUCCESSFULLY,20459.000000,93.000000,20552.000000,18741.000000,18834.000000,202.516129,4-5 7-9 13 17 29 37,-1.000000,
337,w0,P337,4918.000000,8,2365.000000,1,COMPLETED_SUCCESSFULLY,19304.000000,1279.000000,20583.000000,14386.000000,15665.000000,12.247850,10 12 19 22 30-33,-1.000000,
301,w0,P301,4402.000000,8,5654.000000,1,COMPLETED_SUCCESSFULLY,18653.000000,2063.000000,20716.000000,14251.000000,16314.000000,7.907901,2-3 6 15 20 24 27 34,-1.000000,
242,w0,P242,3526.000000,9,312.000000,1,COMPLETED_SUCCESSFULLY,20716.000000,197.000000,20913.000000,17190.000000,17387.000000,88.258883,2-3 6 10 12 15 19-20 22,-1.000000,
259,w0,P259,3685.000000,9,839.000000,1,COMPLETED_SUCCESSFULLY,20913.000000,325.000000,21238.000000,17228.000000,17553.000000,54.009231,2-3 6 10 12 15 19-20 22,-1.000000,
227,w0,P227,3219.000000,6,22956.000000,1,COMPLETED_SUCCESSFULLY,13610.000000,7830.000000,21440.000000,10391.000000,18221.000000,2.327075,11 14 25 28 35 38,-1.000000,
136,w0,P136,1825.000000,9,3850.000000,1,COMPLETED_SUCCESSFULLY,20552.000000,1122.000000,21674.000000,18727.000000,19849.000000,17.690731,4-5 7-9 13 17 29 37,-1.000000,
319,w0,P319,4686.000000,9,147.000000,1,COMPLETED_SUCCESSFULLY,21674.000000,60.000000,21734.000000,16988.000000,17048.000000,284.133333,4-5 7-9 13 17 29 33,-1.000000,
103,w0,P103,1346.000000,9,3532.000000,1,COMPLETED_SUCCESSFULLY,19951.000000,2441.000000,22392.000000,18605.000000,21046.000000,8.621876,0-1 16 18 21 23 26 36 39,-1.000000,
262,w0,P262,3709.000000,9,4985.000000,1,COMPLETED_SUCCESSFULLY,21238.000000,1355.000000,22593.000000,17529.000000,18884.000000,13.936531,2-3 6 10 12 15 19-20 22,-1.000000,
385,w0,P385,5667.000000,9,938.000000,1,COMPLETED_SUCCESSFULLY,22392.000000,409.000000,22801.000000,16725.000000,17134.000000,41.892421,0-1 16 18 21 23 26 34-35,-1.000000,
486,w0,P486,7204.000000,9,869.000000,1,COMPLETED_SUCCESSFULLY,22593.000000,351.000000,22944.000000,15389.000000,15740.000000,44.843305,2-3 6 10 12 15 19-20 22,-1.000000,
499,w0,P499,7333.000000,9,388.000000,1,COMPLETED_SUCCESSFULLY,22801.000000,303.000000,23104.000000,15468.000000,15771.000000,52.049505,0-1 16 18 21 23 26 34-35,-1.000000,
355,w0,P355,5279.000000,9,6010.000000,1,COMPLETED_SUCCESSFULLY,21734.000000,1550.000000,23284.000000,16455.000000,18005.000000,11.616129,4-5 7-9 13 17 29 33,-1.000000,
253,w0,P253,3656.000000,10,486.000000,1,COMPLETED_SUCCESSFULLY,23104.000000,223.000000,23327.000000,19448.000000,19671.000000,88.210762,0-1 16 18 21 23 26 34-35 37,-1.000000,
316,w0,P316,4656.000000,10,232.000000,1,COMPLETED_SUCCESSFULLY,23327.000000,97.000000,23424.000000,18671.000000,18768.000000,193.484536,0-1 16 18 21 23 26 34-35 37,-1.000000,
276,w0,P276,3926.000000,10,1252.000000,1,COMPLETED_SUCCESSFULLY,23284.000000,379.000000,23663.000000,19358.000000,19737.000000,52.076517,4-5 7-9 13 17 29 33 38,-1.000000,
438,w0,P438,6305.000000,10,235.000000,1,COMPLETED_SUCCESSFULLY,23663.000000,60.000000,23723.000000,17358.000000,17418.000000,290.300000,4-5 7-9 13 17 29 33 38,-1.000000,
288,w0,P288,4140.000000,9,7503.000000,1,COMPLETED_SUCCESSFULLY,21440.000000,2516.000000,23956.000000,17300.000000,19816.000000,7.875994,11 14 24-25 27-28 30-32,-1.000000,
485,w0,P485,7203.000000,10,1218.000000,1,COMPLETED_SUCCESSFULLY,23723.000000,379.000000,24102.000000,16520.000000,16899.000000,44.588391,4-5 7-9 13 17 29 33 38,-1.000000,
354,w0,P354,5242.000000,10,910.000000,1,COMPLETED_SUCCESSFULLY,23424.000000,720.000000,24144.000000,18182.000000,18902.000000,26.252778,0-1 16 18 21 23 26 34-35 37,-1.000000,
487,w0,P487,7214.000000,10,1214.000000,1,COMPLETED_SUCCESSFULLY,23956.000000,969.000000,24925.000000,16742.000000,17711.000000,18.277606,11 14 24-25 27-28 30-32 39,-1.000000,
120,w0,P120,1566.000000,11,723.000000,1,COMPLETED_SUCCESSFULLY,24925.000000,584.000000,25509.000000,23359.000000,23943.000000,40.998288,11 14 21 23-30,-1.000000,
82,w0,P82,1103.000000,10,7559.000000,1,COMPLETED_SUCCESSFULLY,22944.000000,2647.000000,25591.000000,21841.000000,24488.000000,9.251228,2-3 6 10 12 15 19-20 22 36,-1.000000,
195,w0,P195,2730.000000,11,360.000000,1,COMPLETED_SUCCESSFULLY,25509.000000,148.000000,25657.000000,22779.000000,22927.000000,154.912162,11 14 21 23-30,-1.000000,
211,w0,P211,3015.000000,11,1469.000000,1,COMPLETED_SUCCESSFULLY,25591.000000,501.000000,26092.000000,22576.000000,23077.000000,46.061876,2-3 6 10 12 15 19-20 22 31-32,-1.000000,
47,w0,P47,639.000000,11,4515.000000,1,COMPLETED_SUCCESSFULLY,24144.000000,2145.000000,26289.000000,23505.000000,25650.000000,11.958042,0-1 4-5 7-9 13 16-18,-1.000000,
395,w0,P395,5762.000000,11,2059.000000,1,COMPLETED_SUCCESSFULLY,26289.000000,621.000000,26910.000000,20527.000000,21148.000000,34.054750,0-1 4-5 7-9 13 16-18,-1.000000,
335,w0,P335,4911.000000,11,1694.000000,1,COMPLETED_SUCCESSFULLY,26092.000000,1109.000000,27201.000000,21181.000000,22290.000000,20.099188,2-3 6 10 12 15 19-20 22 31-32,-1.000000,
63,w0,P63,864.000000,13,394.000000,1,COMPLETED_SUCCESSFULLY,27201.000000,125.000000,27326.000000,26337.000000,26462.000000,211.696000,2-3 6 10 12 15 19-20 22 31-32 34-35,-1.000000,
328,w0,P328,4841.000000,11,6031.000000,1,COMPLETED_SUCCESSFULLY,25657.000000,1711.000000,27368.000000,20816.000000,22527.000000,13.165985,11 14 21 23-30,-1.000000,
76,w0,P76,1032.000000,13,420.000000,1,COMPLETED_SUCCESSFULLY,27326.000000,131.000000,27457.000000,26294.000000,26425.000000,201.717557,2-3 6 10 12 15 19-20 22 31-32 34-35,-1.000000,
494,w0,P494,7280.000000,13,610.000000,1,COMPLETED_SUCCESSFULLY,27368.000000,181.000000,27549.000000,20088.000000,20269.000000,111.983425,11 14 21 23-30 36-37,-1.000000,
72,w0,P72,972.000000,15,855.000000,1,COMPLETED_SUCCESSFULLY,27457.000000,221.000000,27678.000000,26485.000000,26706.000000,120.841629,2-3 6 10 12 15 19-20 22 31-32 34-35 38-39,-1.000000,
64,w0,P64,869.000000,12,4936.000000,1,COMPLETED_SUCCESSFULLY,26910.000000,1250.000000,28160.000000,26041.000000,27291.000000,21.832800,0-1 4-5 7-9 13 16-18 33,-1.000000,
125,w0,P125,1677.000000,15,1864.000000,1,COMPLETED_SUCCESSFULLY,27678.000000,516.000000,28194.000000,26001.000000,26517.000000,51.389535,2-3 6 10-12 14-15 19-25,-1.000000,
124,w0,P124,1610.000000,17,622.000000,1,COMPLETED_SUCCESSFULLY,28194.000000,285.000000,28479.000000,26584.000000,26869.000000,94.277193,2-3 6 10-12 14-15 19-25 31-32,-1.000000,
261,w0,P261,3706.000000,16,1644.000000,1,COMPLETED_SUCCESSFULLY,28160.000000,642.000000,28802.000000,24454.000000,25096.000000,39.090343,0-1 4-5 7-9 13 16-18 26-30,-1.000000,
334,w0,P334,4900.000000,17,2955.000000,1,COMPLETED_SUCCESSFULLY,28479.000000,965.000000,29444.000000,23579.000000,24544.000000,25.434197,2-3 6 10-12 14-15 19-25 31-32,-1.000000,
424,w0,P424,6168.000000,17,4273.000000,1,COMPLETED_SUCCESSFULLY,28802.000000,1124.000000,29926.000000,22634.000000,23758.000000,21.137011,0-1 4-5 7-9 13 16-18 26-30 33,-1.000000,
58,w0,P58,780.000000,19,4962.000000,1,COMPLETED_SUCCESSFULLY,29444.000000,1341.000000,30785.000000,28664.000000,30005.000000,22.375093,2-3 6 10-12 14-15 19-25 31-32 34-35,-1.000000,
416,w0,P416,6047.000000,19,2564.000000,1,COMPLETED_SUCCESSFULLY,29926.000000,1630.000000,31556.000000,23879.000000,25509.000000,15.649693,0-1 4-5 7-9 13 16-18 26-30 33 36-37,-1.000000,
164,w0,P164,2286.000000,22,1543.000000,1,COMPLETED_SUCCESSFULLY,31556.000000,623.000000,32179.000000,29270.000000,29893.000000,47.982343,0-21,-1.000000,
240,w0,P240,3466.000000,22,2760.000000,1,COMPLETED_SUCCESSFULLY,32179.000000,864.000000,33043.000000,28713.000000,29577.000000,34.232639,0-21,-1.000000,
12,w0,P12,121.000000,25,205.000000,1,COMPLETED_SUCCESSFULLY,33043.000000,108.000000,33151.000000,32922.000000,33030.000000,305.833333,0-24,-1.000000,
379,w0,P379,5545.000000,26,1191.000000,1,COMPLETED_SUCCESSFULLY,33151.000000,316.000000,33467.000000,27606.000000,27922.000000,88.360759,0-25,-1.000000,
52,w0,P52,728.000000,35,2108.000000,1,COMPLETED_SUCCESSFULLY,33467.000000,696.000000,34163.000000,32739.000000,33435.000000,48.038793,0-34,-1.000000,
